id,description,title,lang,url,banner,capacity,starting_at,ending_at,status,created_at,updated_at,author_id,event_type_id,host,venue_id,excerpt,academy_id,eventbrite_id,eventbrite_organizer_id,eventbrite_status,eventbrite_url,organization_id,published_at,eventbrite_sync_description,eventbrite_sync_status,online_event,sync_with_eventbrite,currency,slug,tags,live_stream_url,host_user_id,free_for_bootcamps,uuid
35,¡Ven y crea el producto que enamore al cliente! ,Crea un producto que enamore,,https://www.eventbrite.com/e/crea-un-producto-que-enamore-tickets-122429145871,https://img.evbuc.com/https%3A%2F%2Fcdn.evbuc.com%2Fimages%2F112435297%2F187450375408%2F1%2Foriginal.20200923-172415?h=200&w=450&auto=format%2Ccompress&q=75&sharp=10&rect=0%2C0%2C2160%2C1080&s=7f8ae7b3d8df11a35b587dc3679a3f68,100,2020-10-14 16:30:00+00:00,2020-10-14 17:30:00+00:00,ACTIVE,2020-10-12 23:09:17.819387+00:00,2023-08-22 14:08:29.981590+00:00,,,,,¡Ven y crea el producto que enamore al cliente! ,6.0,122429145871,,live,https://www.eventbrite.com/e/crea-un-producto-que-enamore-tickets-122429145871,4,2020-09-23 18:55:47+00:00,2020-10-14 07:30:36.116768+00:00,PERSISTED,True,False,USD,,,,,,c79639a9-b813-4dd0-b3ef-77359cee69aa
772,,testing event,,https://www.eventbrite.com/e/testing-event-tickets-692538329787,,5,2023-08-09 15:29:00+00:00,2023-08-09 17:29:00+00:00,DRAFT,2023-08-04 15:35:35.638794+00:00,2023-08-22 14:08:30.041362+00:00,,,,,sadfad asdf adsf asd,10.0,692538329787,,draft,https://www.eventbrite.com/e/testing-event-tickets-692538329787,4,,2023-08-04 15:35:36.340622+00:00,PERSISTED,True,True,USD,,,,,,19fa3951-c528-4597-9a93-111a6b6c6ee3
420,Our students from our Full-Stack Software Development Program will be presenting their final projects and showing off what they have built.,Projects presentation / Graduation Day,en,https://www.eventbrite.com/e/coding-bootcamp-graduation-day-tickets-372949380637,https://img.evbuc.com/https%3A%2F%2Fcdn.evbuc.com%2Fimages%2F307949299%2F187450375408%2F1%2Foriginal.20220623-202229?h=200&w=450&auto=format%2Ccompress&q=75&sharp=10&rect=0%2C0%2C2160%2C1080&s=52628e7b4b0be5d0069f9f110121a687,100,2022-07-15 22:00:00+00:00,2022-07-16 00:00:00+00:00,COMPLETED,2022-06-23 20:18:49.275555+00:00,2023-08-22 14:08:30.961368+00:00,,,Alissa Landra,,Our students from our Full-Stack Software Development Program will be presenting their final projects and showing off what they have built.,4.0,372949380637,,completed,https://www.eventbrite.com/e/projects-presentation-graduation-day-tickets-372949380637,4,2022-06-23 20:32:30+00:00,2022-08-05 15:30:43.459953+00:00,PERSISTED,False,True,USD,coding-bootcamp-graduation-day,"fs-event-attendee,geektalk-attendee",,,,6bdee2e4-0ba6-4563-a48b-9687775297b2
36,¡Lo han logrado! Nuestros estudiantes presentarán sus proyectos finales como Desarrolladores de Software Full-Stack . ,GeekTALKS: Presentación de proyectos finales,,https://www.eventbrite.com/e/geektalks-presentacion-de-proyectos-finales-tickets-122282429037,https://img.evbuc.com/https%3A%2F%2Fcdn.evbuc.com%2Fimages%2F112939165%2F187450375408%2F1%2Foriginal.20200928-212543?h=200&w=450&auto=format%2Ccompress&q=75&sharp=10&rect=0%2C64%2C1920%2C960&s=d4dd16387a7e1dc96066ebdc975cbbe1,200,2020-10-16 19:00:00+00:00,2020-10-16 21:00:00+00:00,ACTIVE,2020-10-12 23:09:17.868476+00:00,2023-08-22 14:08:29.988928+00:00,,,,,¡Lo han logrado! Nuestros estudiantes presentarán sus proyectos finales como Desarrolladores de Software Full-Stack . ,2.0,122282429037,,live,https://www.eventbrite.com/e/geektalks-presentacion-de-proyectos-finales-tickets-122282429037,4,2020-09-22 18:36:58+00:00,2020-10-16 07:30:52.632913+00:00,PERSISTED,True,False,USD,,,,,,a97fd8e6-786a-4cec-b3c3-9f184505c318
39,"Get to know the newest Software Developers in town
",Final Project Presentation: Pitch Day,,https://www.eventbrite.com/e/final-project-presentation-pitch-day-tickets-124560294193,https://img.evbuc.com/https%3A%2F%2Fcdn.evbuc.com%2Fimages%2F114034475%2F187450375408%2F1%2Foriginal.20201008-142320?h=200&w=450&auto=format%2Ccompress&q=75&sharp=10&rect=0%2C60%2C1920%2C960&s=7d66d121d807e1ebfb161288e75c3bd4,100,2020-10-23 22:00:00+00:00,2020-10-23 23:30:00+00:00,ACTIVE,2020-10-12 23:09:18.185935+00:00,2023-08-22 14:08:29.994850+00:00,,,,,"Get to know the newest Software Developers in town
",4.0,124560294193,,live,https://www.eventbrite.com/e/final-project-presentation-pitch-day-tickets-124560294193,4,2020-10-08 14:48:49+00:00,2020-10-23 07:30:28.992661+00:00,PERSISTED,True,False,USD,,,,,,00cd317d-7a23-47b3-9b82-3ac75e9f2db2
40,prueba,como cuidar tu salud mental y productividad trabajando remoto durante COVID,,https://www.eventbrite.com/e/como-cuidar-tu-salud-mental-y-productividad-trabajando-remoto-durante-covid-tickets-125361996105,,100,2020-10-15 23:00:00+00:00,2020-10-16 00:00:00+00:00,ACTIVE,2020-10-15 07:30:54.403610+00:00,2023-08-22 14:08:30.000757+00:00,,,,,prueba,,125361996105,,live,https://www.eventbrite.com/e/como-cuidar-tu-salud-mental-y-productividad-trabajando-remoto-durante-covid-tickets-125361996105,4,2020-10-14 17:07:44+00:00,2020-10-15 07:30:54.382183+00:00,PERSISTED,True,False,USD,,,,,,4f380f5d-1205-4552-8af7-91c2b459ac2c
143,Desarrollo web-components,Desarrollo web-components,,https://www.eventbrite.com/e/desarrollo-web-components-tickets-153777124519,https://img.evbuc.com/https%3A%2F%2Fcdn.evbuc.com%2Fimages%2F135002699%2F400512721347%2F1%2Foriginal.20210511-131023?h=200&w=450&auto=format%2Ccompress&q=75&sharp=10&rect=0%2C5%2C2160%2C1080&s=5760de52740553b3a4a767d0ee0c4c2f,45,2021-05-26 16:00:00+00:00,2021-05-26 18:00:00+00:00,ACTIVE,2021-05-12 07:31:20.442903+00:00,2023-08-22 14:08:30.006947+00:00,,,,,Desarrollo web-components,6.0,153777124519,,live,https://www.eventbrite.com/e/desarrollo-web-components-tickets-153777124519,4,2021-05-11 08:14:47+00:00,2021-05-26 07:30:32.235373+00:00,PERSISTED,True,False,USD,,,,,,1041dc88-c022-40f9-9230-27b423fd8438
38,¡Ven a nuestro GeekTalks: Demo Day!,GEEKTALKS - DEMO DAY ¡TÚ TAMBIÉN HARÁS ESTO CUANDO SEAS PROGRAMADOR!,,https://www.eventbrite.com/e/geektalks-demo-day-tu-tambien-haras-esto-cuando-seas-programador-tickets-124782962199,https://img.evbuc.com/https%3A%2F%2Fcdn.evbuc.com%2Fimages%2F114214789%2F187450375408%2F1%2Foriginal.20201009-230501?h=200&w=450&auto=format%2Ccompress&q=75&sharp=10&rect=0%2C0%2C2160%2C1080&s=cb91c20714af12a4a7bc6414acdfe7de,100,2020-10-22 16:30:00+00:00,2020-10-22 18:00:00+00:00,ACTIVE,2020-10-12 23:09:18.082774+00:00,2023-08-22 14:08:30.012906+00:00,,,,,¡Ven a nuestro GeekTalks: Demo Day!,6.0,124782962199,,live,https://www.eventbrite.com/e/geektalks-demo-day-tu-tambien-haras-esto-cuando-seas-programador-tickets-124782962199,4,2020-10-09 23:14:14+00:00,2020-10-22 07:30:34.986613+00:00,PERSISTED,True,False,USD,,,,,,8885eade-0098-449c-8bee-b8aa6b9891d2
496,"Don't let your tech skills to waste! First, create a winning resume, then find jobs to apply for.",How to make your resume stand out,en,https://www.eventbrite.com/e/how-to-make-your-resume-stand-out-tickets-453899374247,https://img.evbuc.com/https%3A%2F%2Fcdn.evbuc.com%2Fimages%2F382279659%2F187450375408%2F1%2Foriginal.20221028-150259?h=200&w=450&auto=format%2Ccompress&q=75&sharp=10&rect=0%2C0%2C2160%2C1080&s=21b070822e031da469b7ac900048500f,100,2022-11-08 23:00:00+00:00,2022-11-09 00:30:00+00:00,COMPLETED,2022-10-28 14:47:54.737928+00:00,2023-08-22 14:08:30.018541+00:00,,,Karla Cuevas,,"Don't let your tech skills to waste! First, create a winning resume, then find jobs to apply for.",4.0,453899374247,,completed,https://www.eventbrite.com/e/how-to-make-your-resume-stand-out-tickets-453899374247,4,2022-10-28 15:18:26+00:00,2022-11-09 09:07:27.074766+00:00,PERSISTED,True,True,USD,how-to-make-your-resume-stand-out,"career-support-attendee,fs-event-attendee",,,,dcdf9f7e-a906-40ec-8136-935f5318c61b
414,,Intro a Django,,https://www.eventbrite.com/e/entradas-intro-a-django-370411349317,,0,2022-06-29 17:00:00+00:00,2022-06-29 18:30:00+00:00,DRAFT,2022-06-20 12:12:35.376192+00:00,2023-08-22 14:08:30.050540+00:00,,,,,,4.0,370411349317,,draft,https://www.eventbrite.com/e/entradas-intro-a-django-370411349317,4,,2022-06-20 12:12:38.345609+00:00,PERSISTED,True,True,USD,,,,,,9d8f8194-0b05-4a46-9273-51516f4e768b
599,¡Descubre todo lo que puedes aprender en 4Geeks Academy Venezuela!,GeekTALKS: ¡Presentación de proyectos finales! Venezuela,es,https://www.eventbrite.com/e/geektalks-presentacion-de-proyectos-finales-tickets-546323206417,https://img.evbuc.com/https%3A%2F%2Fcdn.evbuc.com%2Fimages%2F445288929%2F187450375408%2F1%2Foriginal.20230213-181023?h=200&w=450&auto=format%2Ccompress&q=75&sharp=10&rect=0%2C0%2C2160%2C1080&s=8157f69a2074846d2b635bb15570f428,100,2023-03-02 22:00:00+00:00,2023-03-03 00:00:00+00:00,COMPLETED,2023-02-13 18:01:54.087124+00:00,2023-08-22 14:08:30.888696+00:00,,29.0,Ivan Aranzazu,,¡Descubre todo lo que puedes aprender en 4Geeks Academy Venezuela!,2.0,546323206417,,completed,https://www.eventbrite.com/e/entradas-geektalks-presentacion-de-proyectos-finales-venezuela-546323206417,4,2023-02-13 18:18:00+00:00,2023-03-03 18:28:44.579789+00:00,PERSISTED,True,True,USD,geektalks-presentacion-de-proyectos-finales-venezuela,"geektalk-attendee,openhouse-attendee",https://meet.google.com/cey-kcvi-sxf,,,531725a6-1075-4697-bcbe-351fb5193dcf
130,PRESENTACIONES FINALES - Demostrando habilidades,PRESENTACIONES FINALES - Demostrando habilidades,,https://www.eventbrite.com/e/presentaciones-finales-demostrando-habilidades-tickets-116676415299,https://img.evbuc.com/https%3A%2F%2Fcdn.evbuc.com%2Fimages%2F127944621%2F400512721347%2F1%2Foriginal.20210304-082555?h=200&w=450&auto=format%2Ccompress&q=75&sharp=10&rect=0%2C0%2C2160%2C1080&s=a066bb75405bda830dfa98dc4cfc6132,50,2021-03-18 17:30:00+00:00,2021-03-18 19:30:00+00:00,ACTIVE,2021-03-05 07:30:51.451685+00:00,2023-08-22 14:08:30.065320+00:00,,,,,PRESENTACIONES FINALES - Demostrando habilidades,6.0,116676415299,,live,https://www.eventbrite.com/e/presentaciones-finales-demostrando-habilidades-tickets-116676415299,4,2021-03-04 10:04:51+00:00,2021-03-18 07:30:46.201994+00:00,PERSISTED,True,False,USD,,,,,,12c2f460-07ee-4099-97da-20e2f492b7e7
123,GEEKTALKS - PRESENTACIÓN DE PROYECTOS FINALES,GEEKTALKS - PRESENTACIÓN DE PROYECTOS FINALES,,https://www.eventbrite.com/e/geektalks-presentacion-de-proyectos-finales-tickets-139833785617,https://img.evbuc.com/https%3A%2F%2Fcdn.evbuc.com%2Fimages%2F125099825%2F400512721347%2F1%2Foriginal.20210203-233104?h=200&w=450&auto=format%2Ccompress&q=75&sharp=10&rect=0%2C0%2C2160%2C1080&s=c6f7408141cef6ea5834a9ec267cccde,100,2021-02-18 17:30:00+00:00,2021-02-18 19:00:00+00:00,ACTIVE,2021-02-05 07:30:33.814331+00:00,2023-08-22 14:08:30.071386+00:00,,,,,GEEKTALKS - PRESENTACIÓN DE PROYECTOS FINALES,6.0,139833785617,,live,https://www.eventbrite.com/e/geektalks-presentacion-de-proyectos-finales-tickets-139833785617,4,2021-02-04 10:33:30+00:00,2021-02-18 07:31:00.649549+00:00,PERSISTED,True,False,USD,,,,,,e6fb49d3-bca8-483a-9b66-ef3b4364708a
43,Start-Up founders meet tech talent ,Coffee Talks with Start-Up Founders,,https://www.eventbrite.com/e/coffee-talks-with-start-up-founders-tickets-127788740563,https://img.evbuc.com/https%3A%2F%2Fcdn.evbuc.com%2Fimages%2F116647403%2F187450375408%2F1%2Foriginal.20201103-145752?h=200&w=450&auto=format%2Ccompress&q=75&sharp=10&rect=0%2C0%2C1024%2C512&s=3ef7426a0947d5b257968bb004e72c69,100,2020-11-11 23:30:00+00:00,2020-11-12 00:30:00+00:00,ACTIVE,2020-11-03 07:31:02.832066+00:00,2023-08-22 14:08:30.077727+00:00,,,,,Start-Up founders meet tech talent ,4.0,127788740563,,live,https://www.eventbrite.com/e/coffee-talks-with-start-up-founders-tickets-127788740563,4,2020-11-02 21:42:07+00:00,2020-11-11 07:31:18.737218+00:00,PERSISTED,True,False,USD,,,,,,d82ab71f-6c75-42ee-ae04-90e12b25b1ab
41,¿Te gustaría aprender Java? ¡No te pierdas está oportunidad!,Java desde cero,,https://www.eventbrite.com/e/java-desde-cero-tickets-126094968445,https://img.evbuc.com/https%3A%2F%2Fcdn.evbuc.com%2Fimages%2F115542939%2F187450375408%2F1%2Foriginal.20201022-165852?h=200&w=450&auto=format%2Ccompress&q=75&sharp=10&rect=0%2C0%2C1024%2C512&s=7e48536681f79c71e83f47d54865696a,200,2020-11-12 21:30:00+00:00,2020-11-12 22:30:00+00:00,ACTIVE,2020-10-21 07:30:46.092512+00:00,2023-08-22 14:08:30.084853+00:00,,,,,¿Te gustaría aprender Java? ¡No te pierdas está oportunidad!,,126094968445,,live,https://www.eventbrite.com/e/java-desde-cero-tickets-126094968445,4,2020-10-20 15:17:57+00:00,2020-11-12 07:30:47.196024+00:00,PERSISTED,True,False,USD,,,,,,cdd8f8e2-f911-4ad7-a9ca-b4fc37fb34d8
122,¡Llegó el momento de que conozcas todas las habilidades adquiridas por nuestros estudiantes en los últimos 4 meses!,GeekTALKS: Presentación de proyectos finales,,https://www.eventbrite.com/e/geektalks-presentacion-de-proyectos-finales-tickets-139971234731,https://img.evbuc.com/https%3A%2F%2Fcdn.evbuc.com%2Fimages%2F125078503%2F187450375408%2F1%2Foriginal.20210203-201613?h=200&w=450&auto=format%2Ccompress&q=75&sharp=10&rect=0%2C125%2C4000%2C2000&s=3297fe316851fa0ff8eb3da6623a0db2,100,2021-02-26 20:00:00+00:00,2021-02-26 21:30:00+00:00,ACTIVE,2021-02-04 07:30:29.835312+00:00,2023-08-22 14:08:30.091390+00:00,,,,,¡Llegó el momento de que conozcas todas las habilidades adquiridas por nuestros estudiantes en los últimos 4 meses!,2.0,139971234731,,live,https://www.eventbrite.com/e/geektalks-presentacion-de-proyectos-finales-tickets-139971234731,4,2021-02-03 20:35:10+00:00,2021-02-26 07:30:30.453948+00:00,PERSISTED,True,False,USD,,,,,,d7b394da-1a57-4e6b-99d6-0e535548f3fb
141,"El arte del REBRAND en LinkedIn, y cómo usarlo a tu favor","El arte del REBRAND en LinkedIn, y cómo usarlo a tu favor",,https://www.eventbrite.com/e/el-arte-del-rebrand-en-linkedin-y-como-usarlo-a-tu-favor-tickets-150466927631,https://img.evbuc.com/https%3A%2F%2Fcdn.evbuc.com%2Fimages%2F132808015%2F400512721347%2F1%2Foriginal.20210420-154445?h=200&w=450&auto=format%2Ccompress&q=75&sharp=10&rect=0%2C0%2C2160%2C1080&s=67893c57eecd1924d0778300102b714e,50,2021-05-12 16:30:00+00:00,2021-05-12 18:00:00+00:00,ACTIVE,2021-04-17 07:30:46.597369+00:00,2023-08-22 14:08:30.097666+00:00,,,,,"El arte del REBRAND en LinkedIn, y cómo usarlo a tu favor",6.0,150466927631,,live,https://www.eventbrite.com/e/el-arte-del-rebrand-en-linkedin-y-como-usarlo-a-tu-favor-tickets-150466927631,4,2021-04-16 08:28:35+00:00,2021-05-12 07:31:20.379309+00:00,PERSISTED,True,False,USD,,,,,,415d4318-7f31-45d8-9e3d-0990ab63961d
187,Cloud Rocket Summit,Cloud Rocket Summit,,https://www.eventbrite.com/e/cloud-rocket-summit-tickets-162730811237,https://img.evbuc.com/https%3A%2F%2Fcdn.evbuc.com%2Fimages%2F141207361%2F187450375408%2F1%2Foriginal.20210709-190453?h=200&w=450&auto=format%2Ccompress&q=75&sharp=10&rect=0%2C193%2C3840%2C1920&s=042903a477ee0c1d2c8022743dd4b419,400,2021-08-05 15:00:00+00:00,2021-08-05 16:30:00+00:00,ACTIVE,2021-07-10 07:30:52.268276+00:00,2023-08-22 14:08:30.103789+00:00,,,,,Cloud Rocket Summit,,162730811237,,live,https://www.eventbrite.com/e/cloud-rocket-summit-tickets-162730811237,4,2021-07-09 15:55:28+00:00,2021-08-05 07:32:01.033953+00:00,PERSISTED,True,False,USD,,,,,,6035946b-ee54-435b-9df0-d7fe35706696
42,La validación de ideas. Metodología y acción para no saltar al vacío,La validación de ideas. Metodología y acción para no saltar al vacío,,https://www.eventbrite.com/e/la-validacion-de-ideas-metodologia-y-accion-para-no-saltar-al-vacio-tickets-126964918489,https://img.evbuc.com/https%3A%2F%2Fcdn.evbuc.com%2Fimages%2F115970305%2F400512721347%2F1%2Foriginal.20201027-134510?h=200&w=450&auto=format%2Ccompress&q=75&sharp=10&rect=0%2C0%2C1024%2C512&s=8fafdee92a03f70572a8a5e12a9b71b7,60,2020-11-12 17:30:00+00:00,2020-11-12 19:00:00+00:00,ACTIVE,2020-10-28 07:30:27.433039+00:00,2023-08-22 14:08:30.117243+00:00,,,,,La validación de ideas. Metodología y acción para no saltar al vacío,6.0,126964918489,,live,https://www.eventbrite.com/e/la-validacion-de-ideas-metodologia-y-accion-para-no-saltar-al-vacio-tickets-126964918489,4,2020-10-27 14:07:50+00:00,2020-11-12 07:30:47.303594+00:00,PERSISTED,True,False,USD,,,,,,6fd4abb6-4385-4b33-87d8-e37ae862f75f
124,Which one is the best fit for you? Find out from the professionals.,Software Engineering vs. Full-Stack Development,,https://www.eventbrite.com/e/software-engineering-vs-full-stack-development-tickets-140285147653,https://img.evbuc.com/https%3A%2F%2Fcdn.evbuc.com%2Fimages%2F125271003%2F187450375408%2F1%2Foriginal.20210205-142053?h=200&w=450&auto=format%2Ccompress&q=75&sharp=10&rect=0%2C63%2C1920%2C960&s=9f6946af8d8542e109f544fb3ef85bcb,100,2021-02-17 21:00:00+00:00,2021-02-17 22:00:00+00:00,ACTIVE,2021-02-06 07:31:25.410511+00:00,2023-08-22 14:08:30.123168+00:00,,,,,Which one is the best fit for you? Find out from the professionals.,4.0,140285147653,,live,https://www.eventbrite.com/e/software-engineering-vs-full-stack-development-tickets-140285147653,4,2021-02-05 14:46:08+00:00,2021-02-17 07:30:52.543428+00:00,PERSISTED,True,False,USD,,,,,,57b8eac1-23ea-4ff5-8780-6e2fcd8e1a9c
146,Clase 100% práctica para introducirte en el mundo de la programación. Construye un feed de Instagram con HTML & CSS en poco más de 1 hora.,Crea tu propio Feed de Instagram con HTML Y CSS,,https://www.eventbrite.com/e/entradas-crea-tu-propio-feed-de-instagram-con-html-y-css-155579455339,https://img.evbuc.com/https%3A%2F%2Fcdn.evbuc.com%2Fimages%2F135574901%2F400512721347%2F1%2Foriginal.20210517-082208?h=200&w=450&auto=format%2Ccompress&q=75&sharp=10&rect=0%2C10%2C4320%2C2160&s=f8e3933c57eb7efd8e332d66e834cfa6,1,2021-05-20 16:15:00+00:00,2021-05-20 18:45:00+00:00,ACTIVE,2021-05-18 07:30:41.645283+00:00,2023-08-22 14:08:30.135131+00:00,,,,,Clase 100% práctica para introducirte en el mundo de la programación. Construye un feed de Instagram con HTML & CSS en poco más de 1 hora.,6.0,155579455339,,live,https://www.eventbrite.com/e/entradas-crea-tu-propio-feed-de-instagram-con-html-y-css-155579455339,4,2021-05-17 09:18:57+00:00,2021-05-20 07:30:23.626694+00:00,PERSISTED,False,False,USD,,,,,,ec082d08-57b9-4e63-8e73-9882d402a98d
125,¡Conviértete en el próximo Desarrollador Full-Stack! ,Intro to Coding: Descubre los beneficios de aprender a programar,,https://www.eventbrite.com/e/intro-to-coding-descubre-los-beneficios-de-aprender-a-programar-tickets-140401680205,https://img.evbuc.com/https%3A%2F%2Fcdn.evbuc.com%2Fimages%2F125658495%2F187450375408%2F1%2Foriginal.20210209-192359?h=200&w=450&auto=format%2Ccompress&q=75&sharp=10&rect=0%2C0%2C1024%2C512&s=958b031bfdfd0764b1956b3fa2fce4c5,100,2021-02-19 19:00:00+00:00,2021-02-19 20:00:00+00:00,ACTIVE,2021-02-06 07:31:25.480470+00:00,2023-08-22 14:08:30.149878+00:00,,,,,¡Conviértete en el próximo Desarrollador Full-Stack! ,2.0,140401680205,,live,https://www.eventbrite.com/e/intro-to-coding-descubre-los-beneficios-de-aprender-a-programar-tickets-140401680205,4,2021-02-05 20:09:20+00:00,2021-02-19 07:30:35.444306+00:00,PERSISTED,True,False,USD,,,,,,e0c4db1e-802d-4ea7-8fdd-0d4c89319f75
44,Learn JavaScript fundamentals,JavaScript for Beginners,,https://www.eventbrite.com/e/javascript-for-beginners-tickets-127791131715,https://img.evbuc.com/https%3A%2F%2Fcdn.evbuc.com%2Fimages%2F117985121%2F187450375408%2F1%2Foriginal.20201117-202611?h=200&w=450&auto=format%2Ccompress&q=75&sharp=10&rect=0%2C0%2C1024%2C512&s=549455546b71b3c026eb5d2bda571e4d,100,2020-11-24 23:00:00+00:00,2020-11-25 00:30:00+00:00,ACTIVE,2020-11-03 07:31:02.886728+00:00,2023-08-22 14:08:30.156007+00:00,,,,,Learn JavaScript fundamentals,4.0,127791131715,,live,https://www.eventbrite.com/e/javascript-for-beginners-tickets-127791131715,4,2020-11-02 21:50:03+00:00,2020-11-24 07:30:26.593880+00:00,PERSISTED,True,False,USD,,,,,,ad692fc2-5a42-4259-9fa0-f7767aa7cf19
190,Discover that learning to code will open the doors to the opportunities you are seeking,Pitch Day: Final Project Presentations,,https://www.eventbrite.com/e/pitch-day-final-project-presentations-tickets-165174231573,https://img.evbuc.com/https%3A%2F%2Fcdn.evbuc.com%2Fimages%2F142971395%2F187450375408%2F1%2Foriginal.20210728-211052?h=200&w=450&auto=format%2Ccompress&q=75&sharp=10&rect=0%2C0%2C2160%2C1080&s=6bacf078a9ee3753dcc0a70001eb8cb3,100,2021-08-06 22:00:00+00:00,2021-08-07 00:30:00+00:00,ACTIVE,2021-07-29 07:31:54.739195+00:00,2023-08-22 14:08:30.162573+00:00,,,,,Discover that learning to code will open the doors to the opportunities you are seeking,4.0,165174231573,,live,https://www.eventbrite.com/e/pitch-day-final-project-presentations-tickets-165174231573,4,2021-07-28 19:58:24+00:00,2021-08-06 07:32:14.997870+00:00,PERSISTED,True,False,USD,,,,,,fa24fcb2-8395-4260-9554-d63d8c932198
144,Discover that learning to code will open the doors to the opportunities you are seeking.,Pitch Day: Meet the new talent in Software Development,,https://www.eventbrite.com/e/pitch-day-meet-the-new-talent-in-software-development-tickets-154614130025,https://img.evbuc.com/https%3A%2F%2Fcdn.evbuc.com%2Fimages%2F135198165%2F187450375408%2F1%2Foriginal.20210512-204754?h=200&w=450&auto=format%2Ccompress&q=75&sharp=10&rect=0%2C0%2C2160%2C1080&s=4b84852f04c7c2b278fa2f5a4e7c19d0,100,2021-05-21 22:00:00+00:00,2021-05-22 00:00:00+00:00,ACTIVE,2021-05-13 07:31:07.039308+00:00,2023-08-22 14:08:30.168443+00:00,,,,,Discover that learning to code will open the doors to the opportunities you are seeking.,4.0,154614130025,,live,https://www.eventbrite.com/e/pitch-day-meet-the-new-talent-in-software-development-tickets-154614130025,4,2021-05-12 19:44:28+00:00,2021-05-21 07:30:37.372440+00:00,PERSISTED,True,False,USD,,,,,,ffe9b590-c3ad-4e5a-84dc-577da3bc936e
145,GEEKTALKS - PRESENTACIÓN DE PROYECTOS FINALES,GEEKTALKS - PRESENTACIÓN DE PROYECTOS FINALES,,https://www.eventbrite.com/e/geektalks-presentacion-de-proyectos-finales-tickets-154801981895,https://img.evbuc.com/https%3A%2F%2Fcdn.evbuc.com%2Fimages%2F137188083%2F400512721347%2F1%2Foriginal.20210601-062449?h=200&w=450&auto=format%2Ccompress&q=75&sharp=10&rect=0%2C0%2C8640%2C4320&s=551785d4706c83184e9d1a239042d4d2,40,2021-06-03 16:30:00+00:00,2021-06-03 18:00:00+00:00,ACTIVE,2021-05-15 07:30:34.499718+00:00,2023-08-22 14:08:30.174567+00:00,,,,,GEEKTALKS - PRESENTACIÓN DE PROYECTOS FINALES,6.0,154801981895,,live,https://www.eventbrite.com/e/geektalks-presentacion-de-proyectos-finales-tickets-154801981895,4,2021-05-14 10:42:29+00:00,2021-06-03 07:30:35.849532+00:00,PERSISTED,True,False,USD,,,,,,0192fb12-8de9-44db-ae63-e7dae45eefec
46,"Aprende React Hooks, de la mano de nuestro profesor Deimian Vásquez ",Workshop: Aprende React Hooks (Nivel básico),,https://www.eventbrite.com/e/workshop-aprende-react-hooks-tickets-128271227695,https://img.evbuc.com/https%3A%2F%2Fcdn.evbuc.com%2Fimages%2F117334929%2F187450375408%2F1%2Foriginal.20201110-214159?h=200&w=450&auto=format%2Ccompress&q=75&sharp=10&rect=0%2C0%2C1024%2C512&s=d0b327f623c136f7d87991bd57459925,180,2020-11-26 18:00:00+00:00,2020-11-26 19:30:00+00:00,ACTIVE,2020-11-07 07:30:43.193358+00:00,2023-08-22 14:08:30.180332+00:00,,,,,"Aprende React Hooks, de la mano de nuestro profesor Deimian Vásquez ",2.0,128271227695,,live,https://www.eventbrite.com/e/workshop-aprende-react-hooks-nivel-basico-tickets-128271227695,4,2020-11-06 17:12:36+00:00,2020-11-26 07:30:23.598987+00:00,PERSISTED,True,False,USD,,,,,,36781a9b-c4a0-4ac8-a691-1f6c9ecac1e8
48,"Vivimos en tiempos de adaptación virtual, es por ello que no te puedes perder está charla. ",Conectar y Comunicar en Tiempos Virtuales,,https://www.eventbrite.com/e/conectar-y-comunicar-en-tiempos-virtuales-tickets-129735270687,https://img.evbuc.com/https%3A%2F%2Fcdn.evbuc.com%2Fimages%2F118075387%2F187450375408%2F1%2Foriginal.20201118-165239?h=200&w=450&auto=format%2Ccompress&q=75&sharp=10&rect=0%2C0%2C1024%2C512&s=801fd41d9a9ee017e787c37d46673393,100,2020-11-26 19:30:00+00:00,2020-11-26 20:30:00+00:00,ACTIVE,2020-11-19 07:30:31.290673+00:00,2023-08-22 14:08:30.188932+00:00,,,,,"Vivimos en tiempos de adaptación virtual, es por ello que no te puedes perder está charla. ",,129735270687,,live,https://www.eventbrite.com/e/conectar-y-comunicar-en-tiempos-virtuales-tickets-129735270687,4,2020-11-18 16:54:48+00:00,2020-11-26 07:30:23.674172+00:00,PERSISTED,True,False,USD,,,,,,7a1239db-356c-400a-9a50-0c1c96fc8cba
50,Get to know all the upcoming features for the new year ,Becoming part of the tech industry 2021,,https://www.eventbrite.com/e/whats-in-the-near-future-for-4geeks-usa-2021-tickets-130693073501,https://img.evbuc.com/https%3A%2F%2Fcdn.evbuc.com%2Fimages%2F120580063%2F187450375408%2F1%2Foriginal.20201210-164219?h=200&w=450&auto=format%2Ccompress&q=75&sharp=10&rect=0%2C94%2C1920%2C960&s=7cb60f3fbb2e65916366820528fb51b6,100,2020-12-15 17:00:00+00:00,2020-12-15 18:00:00+00:00,ACTIVE,2020-11-27 07:30:29.821483+00:00,2023-08-22 14:08:30.195435+00:00,,,,,Get to know all the upcoming features for the new year ,4.0,130693073501,,live,https://www.eventbrite.com/e/becoming-part-of-the-tech-industry-2021-tickets-130693073501,4,2020-11-26 15:11:48+00:00,2020-12-15 07:30:26.353707+00:00,PERSISTED,True,False,USD,,,,,,d1af560b-6e57-4ba9-a71d-028f9b4a67d2
51,"¿Estás especializado en programación Front-End o tienes interés en aprender React? ¡Este webinar es para ti!
",Redux or Context: choose wisely (or not),,https://www.eventbrite.com/e/redux-or-context-choose-wisely-or-not-tickets-131400393113,https://img.evbuc.com/https%3A%2F%2Fcdn.evbuc.com%2Fimages%2F119436907%2F187450375408%2F1%2Foriginal.20201202-212550?h=200&w=450&auto=format%2Ccompress&q=75&sharp=10&rect=0%2C0%2C2160%2C1080&s=8ff4d2b41857d17742636bd40dee8b58,200,2020-12-15 21:00:00+00:00,2020-12-15 22:00:00+00:00,ACTIVE,2020-12-03 07:30:34.523515+00:00,2023-08-22 14:08:30.212662+00:00,,,,,"¿Estás especializado en programación Front-End o tienes interés en aprender React? ¡Este webinar es para ti!
",,131400393113,,live,https://www.eventbrite.com/e/redux-or-context-choose-wisely-or-not-tickets-131400393113,4,2020-12-02 21:34:16+00:00,2020-12-15 07:30:26.423155+00:00,PERSISTED,True,False,USD,,,,,,ab9b8236-07d2-4f8b-8fe0-a2791e3d807b
49,¡Aprende lo básico de Python!,Cómo crear una app de mensajería con Python,,https://www.eventbrite.com/e/como-crear-una-app-de-mensajeria-con-python-tickets-130586924005,https://img.evbuc.com/https%3A%2F%2Fcdn.evbuc.com%2Fimages%2F118785091%2F187450375408%2F1%2Foriginal.20201126-143008?h=200&w=450&auto=format%2Ccompress&q=75&sharp=10&rect=0%2C0%2C1024%2C512&s=d1686a0fe63671278c8b084601774033,326,2020-12-17 21:00:00+00:00,2020-12-17 23:00:00+00:00,ACTIVE,2020-11-26 07:30:23.768940+00:00,2023-08-22 14:08:30.221476+00:00,,,,,¡Aprende lo básico de Python!,2.0,130586924005,,live,https://www.eventbrite.com/e/como-crear-una-app-de-mensajeria-con-python-tickets-130586924005,4,2020-11-25 16:36:41+00:00,2020-12-17 07:30:28.619643+00:00,PERSISTED,True,False,USD,,,,,,3d574582-fd13-4cff-b8dd-e24d996a53f0
131,Conviértete en el mejor candidato,Conviértete en el mejor candidato,,https://www.eventbrite.com/e/conviertete-en-el-mejor-candidato-tickets-146314593889,https://img.evbuc.com/https%3A%2F%2Fcdn.evbuc.com%2Fimages%2F129463373%2F400512721347%2F1%2Foriginal.20210318-083921?h=200&w=450&auto=format%2Ccompress&q=75&sharp=10&rect=0%2C0%2C2160%2C1080&s=49b073a027e5f835263d621d5f2d0d2c,40,2021-03-25 17:30:00+00:00,2021-03-25 19:00:00+00:00,ACTIVE,2021-03-16 07:30:38.980327+00:00,2023-08-22 14:08:30.227693+00:00,,,,,Conviértete en el mejor candidato,6.0,146314593889,,live,https://www.eventbrite.com/e/conviertete-en-el-mejor-candidato-tickets-146314593889,4,2021-03-15 10:10:12+00:00,2021-03-25 07:31:04.637787+00:00,PERSISTED,True,False,USD,,,,,,891f1c0e-ff4a-4c76-b249-ff85b9e2b9c1
127,Mejora tu empleabilidad como programador gracias a tu marca personal,Mejora tu empleabilidad como programador gracias a tu marca personal,,https://www.eventbrite.com/e/mejora-tu-empleabilidad-gracias-a-tu-marca-personal-tickets-139843304087,https://img.evbuc.com/https%3A%2F%2Fcdn.evbuc.com%2Fimages%2F127529737%2F400512721347%2F1%2Foriginal.20210301-080423?h=200&w=450&auto=format%2Ccompress&q=75&sharp=10&rect=0%2C0%2C1024%2C512&s=32accd5db9ea1eff40ae83faf5476334,40,2021-03-10 17:30:00+00:00,2021-03-10 19:00:00+00:00,ACTIVE,2021-02-15 07:30:25.554671+00:00,2023-08-22 14:08:30.234105+00:00,,,,,Mejora tu empleabilidad como programador gracias a tu marca personal,6.0,139843304087,,live,https://www.eventbrite.com/e/mejora-tu-empleabilidad-como-programador-gracias-a-tu-marca-personal-tickets-139843304087,4,2021-02-14 17:29:23+00:00,2021-03-10 07:31:22.685652+00:00,PERSISTED,True,False,USD,,,,,,10aa423a-2df0-467f-a9aa-af816cc20b9b
142,¡Llega la 1era edición del Geek-CON 2021!,GeekCON 2021,,https://www.eventbrite.com/e/geek-con-2021-tickets-152566208637,https://img.evbuc.com/https%3A%2F%2Fcdn.evbuc.com%2Fimages%2F133548397%2F187450375408%2F1%2Foriginal.20210427-183050?h=200&w=450&auto=format%2Ccompress&q=75&sharp=10&rect=0%2C0%2C2160%2C1080&s=b9738f7fc4a9716ce359968ac541d2c3,1000,2021-05-27 20:00:00+00:00,2021-05-28 00:00:00+00:00,ACTIVE,2021-04-29 07:31:20.897910+00:00,2023-08-22 14:08:30.239573+00:00,,,,,¡Llega la 1era edición del Geek-CON 2021!,,152566208637,,live,https://www.eventbrite.com/e/geekcon-2021-tickets-152566208637,4,2021-04-28 19:53:30+00:00,2021-05-27 07:31:12.303357+00:00,PERSISTED,True,False,USD,,,,,,6f2dd803-dd4f-4ffc-b043-10bc092a3d60
85,¡Te regalamos una masterclass de Python!,Masterclass de Python,,https://www.eventbrite.com/e/masterclass-de-python-tickets-134123261285,https://img.evbuc.com/https%3A%2F%2Fcdn.evbuc.com%2Fimages%2F121624343%2F187450375408%2F1%2Foriginal.20201224-135855?h=200&w=450&auto=format%2Ccompress&q=75&sharp=10&rect=244%2C0%2C4544%2C2272&s=8ab1f5bf7980387f0a7b7223b26dac5e,25,2021-01-21 21:30:00+00:00,2021-01-21 23:30:00+00:00,ACTIVE,2020-12-25 07:31:35.812842+00:00,2023-08-22 14:08:30.245160+00:00,,,,,¡Te regalamos una masterclass de Python!,,134123261285,,live,https://www.eventbrite.com/e/masterclass-de-python-tickets-134123261285,4,2020-12-24 14:01:43+00:00,2021-01-21 07:31:22.049238+00:00,PERSISTED,True,False,USD,,,,,,f69231e9-e085-44b7-8153-984a8137111c
86,Clase introductoria gratuita a HTML y CSS,Intro 101 a HTML y CSS,,https://www.eventbrite.com/e/entradas-intro-101-a-html-y-css-134514966887,https://img.evbuc.com/https%3A%2F%2Fcdn.evbuc.com%2Fimages%2F121828973%2F400512721347%2F1%2Foriginal.20201229-104535?h=200&w=450&auto=format%2Ccompress&q=75&sharp=10&rect=0%2C0%2C1024%2C512&s=618fcd38ed685a1c1e6c7237cd775008,75,2021-01-27 17:30:00+00:00,2021-01-27 19:00:00+00:00,ACTIVE,2020-12-30 07:30:29.605379+00:00,2023-08-22 14:08:30.250382+00:00,,,,,Clase introductoria gratuita a HTML y CSS,6.0,134514966887,,live,https://www.eventbrite.com/e/entradas-intro-101-a-html-y-css-134514966887,4,2020-12-29 11:01:58+00:00,2021-01-27 07:31:11.057472+00:00,PERSISTED,True,False,USD,,,,,,6cd6f010-c713-4ae7-ab10-e29f63b82a52
126,Discover that learning to code will open the doors to the opportunities you are seeking.,Pitch Day. Meet new talent in Software Development,,https://www.eventbrite.com/e/pitch-day-meet-new-talent-in-software-development-tickets-141344319665,https://img.evbuc.com/https%3A%2F%2Fcdn.evbuc.com%2Fimages%2F125890165%2F187450375408%2F1%2Foriginal.20210211-184043?h=200&w=450&auto=format%2Ccompress&q=75&sharp=10&rect=12%2C0%2C1896%2C948&s=6c732ea5f1fecd8c667829933c899afb,100,2021-02-26 23:00:00+00:00,2021-02-27 00:30:00+00:00,ACTIVE,2021-02-12 07:31:34.609426+00:00,2023-08-22 14:08:30.255931+00:00,,,,,Discover that learning to code will open the doors to the opportunities you are seeking.,4.0,141344319665,,live,https://www.eventbrite.com/e/pitch-day-meet-new-talent-in-software-development-tickets-141344319665,4,2021-02-11 19:04:18+00:00,2021-02-26 07:30:30.484073+00:00,PERSISTED,True,False,USD,,,,,,c064e352-3b8f-4d12-8c94-d3e170002dda
84,Regreso al pasado. Evolución y aprendizajes desde Junior Developer hasta hoy,Regreso al pasado. Evolución y aprendizajes desde Junior Developer a hoy,,https://www.eventbrite.com/e/regreso-al-pasado-evolucion-y-aprendizajes-desde-junior-a-hoy-tickets-132482914965,https://img.evbuc.com/https%3A%2F%2Fcdn.evbuc.com%2Fimages%2F120618839%2F400512721347%2F1%2Foriginal.20201211-005042?h=200&w=450&auto=format%2Ccompress&q=75&sharp=10&rect=0%2C0%2C1024%2C512&s=9420424bfb26f471c5d90d77a0cd5968,50,2020-12-21 17:30:00+00:00,2020-12-21 19:00:00+00:00,ACTIVE,2020-12-11 07:30:55.940066+00:00,2023-08-22 14:08:30.261818+00:00,,,,,Regreso al pasado. Evolución y aprendizajes desde Junior Developer hasta hoy,6.0,132482914965,,live,https://www.eventbrite.com/e/regreso-al-pasado-evolucion-y-aprendizajes-desde-junior-developer-a-hoy-tickets-132482914965,4,2020-12-11 01:00:58+00:00,2020-12-21 07:30:59.876052+00:00,PERSISTED,True,False,USD,,,,,,77541aed-33d8-4711-974b-0b3c1f10a9d2
180,Discover that learning to code will open the doors to the opportunities you are seeking,Pitch Day: Final Project Presentations,,https://www.eventbrite.com/e/pitch-day-final-project-presentations-tickets-158438306239,https://img.evbuc.com/https%3A%2F%2Fcdn.evbuc.com%2Fimages%2F137873197%2F187450375408%2F1%2Foriginal.20210607-151945?h=200&w=450&auto=format%2Ccompress&q=75&sharp=10&rect=0%2C0%2C1080%2C540&s=8c31073df44b0b2be721a1d3ce41e384,100,2021-06-18 22:00:00+00:00,2021-06-19 01:00:00+00:00,ACTIVE,2021-06-08 07:30:30.202883+00:00,2023-08-22 14:08:30.273487+00:00,,,,,Discover that learning to code will open the doors to the opportunities you are seeking,4.0,158438306239,,live,https://www.eventbrite.com/e/pitch-day-final-project-presentations-tickets-158438306239,4,2021-06-07 15:28:34+00:00,2021-06-18 07:31:08.449381+00:00,PERSISTED,True,False,USD,,,,,,a0e70945-379b-4e96-9022-7e9a97c683dd
128,¿Cómo se crean las conversaciones en los productos digitales?,¿Cómo se crean las conversaciones en los productos digitales?,,https://www.eventbrite.com/e/como-se-crean-las-conversaciones-en-los-productos-digitales-tickets-99564640520,https://img.evbuc.com/https%3A%2F%2Fcdn.evbuc.com%2Fimages%2F127546791%2F400512721347%2F1%2Foriginal.20210301-122203?h=200&w=450&auto=format%2Ccompress&q=75&sharp=10&rect=0%2C0%2C2160%2C1080&s=bc2eca2ba859f8f6bedecdd66fde6528,40,2021-03-05 17:30:00+00:00,2021-03-05 19:00:00+00:00,ACTIVE,2021-03-02 07:31:00.380557+00:00,2023-08-22 14:08:30.282538+00:00,,,,,¿Cómo se crean las conversaciones en los productos digitales?,6.0,99564640520,,live,https://www.eventbrite.com/e/como-se-crean-las-conversaciones-en-los-productos-digitales-tickets-99564640520,4,2021-03-01 12:54:20+00:00,2021-03-05 07:30:51.383359+00:00,PERSISTED,True,False,USD,,,,,,2eaaa2e6-8690-419c-a10a-d3322cecdcc1
147,JUNIOR TO JUNIOR: Introducción a Gatsby JS,JUNIOR TO JUNIOR: Introducción a Gatsby JS,,https://www.eventbrite.com/e/junior-to-junior-introduccion-a-gatsby-js-tickets-158081256293,https://img.evbuc.com/https%3A%2F%2Fcdn.evbuc.com%2Fimages%2F137608073%2F400512721347%2F1%2Foriginal.20210604-080854?h=200&w=450&auto=format%2Ccompress&q=75&sharp=10&rect=0%2C0%2C8640%2C4320&s=3a8871ba6a8664e0933f39afeff78e94,40,2021-06-09 16:30:00+00:00,2021-06-09 18:00:00+00:00,ACTIVE,2021-06-05 07:30:45.073275+00:00,2023-08-22 14:08:30.290755+00:00,,,,,JUNIOR TO JUNIOR: Introducción a Gatsby JS,6.0,158081256293,,live,https://www.eventbrite.com/e/junior-to-junior-introduccion-a-gatsby-js-tickets-158081256293,4,2021-06-04 08:30:29+00:00,2021-06-09 07:31:39.415272+00:00,PERSISTED,True,False,USD,,,,,,b30eb196-55dc-42d8-b632-5a1a89003d9c
191,"Artificial Intelligence and Machine Learning are changing the tech industry, learn from our panel of speakers how this is happening",How AI and Machine Learning are changing the tech industry,,https://www.eventbrite.com/e/how-ai-and-machine-learning-are-changing-the-tech-industry-tickets-167523040925,https://img.evbuc.com/https%3A%2F%2Fcdn.evbuc.com%2Fimages%2F144824069%2F187450375408%2F1%2Foriginal.20210817-210148?h=200&w=450&auto=format%2Ccompress&q=75&sharp=10&rect=0%2C0%2C2160%2C1080&s=6d3bd4d3e0d16833ec58aca4fda95bd9,100,2021-08-26 22:00:00+00:00,2021-08-26 23:30:00+00:00,ACTIVE,2021-08-18 07:32:07.136744+00:00,2023-08-22 14:08:30.296790+00:00,,,,,"Artificial Intelligence and Machine Learning are changing the tech industry, learn from our panel of speakers how this is happening",4.0,167523040925,,live,https://www.eventbrite.com/e/how-ai-and-machine-learning-are-changing-the-tech-industry-tickets-167523040925,4,2021-08-17 21:09:39+00:00,2021-08-26 07:30:54.345505+00:00,PERSISTED,True,False,USD,,,,,,1ffe726d-e952-48f0-b4d1-cab9e0f3a3c1
132,Discover that learning to code will open the doors to the opportunities you are seeking.,Pitch Day. Meet new talent in Software Development,,https://www.eventbrite.com/e/pitch-day-meet-new-talent-in-software-development-tickets-148676327899,https://img.evbuc.com/https%3A%2F%2Fcdn.evbuc.com%2Fimages%2F130604875%2F187450375408%2F1%2Foriginal.20210329-210836?h=200&w=450&auto=format%2Ccompress&q=75&sharp=10&rect=0%2C0%2C2160%2C1080&s=b2b2b21a7fb963e1b7cd992f86200dd1,100,2021-04-02 22:00:00+00:00,2021-04-02 23:30:00+00:00,ACTIVE,2021-03-30 07:30:36.678857+00:00,2023-08-22 14:08:30.304361+00:00,,,,,Discover that learning to code will open the doors to the opportunities you are seeking.,4.0,148676327899,,live,https://www.eventbrite.com/e/pitch-day-meet-new-talent-in-software-development-tickets-148676327899,4,2021-03-29 21:20:40+00:00,2021-04-02 07:30:26.721773+00:00,PERSISTED,True,False,USD,,,,,,db5e8bfe-b225-4ba1-955a-5d88d6615a08
129,Women in Tech: How women have helped change the industry,International Women’s Day: Let’s Celebrate Women in Tech,,https://www.eventbrite.com/e/international-womens-day-lets-celebrate-women-in-tech-tickets-143999946717,https://img.evbuc.com/https%3A%2F%2Fcdn.evbuc.com%2Fimages%2F127713761%2F187450375408%2F1%2Foriginal.20210302-160943?h=200&w=450&auto=format%2Ccompress&q=75&sharp=10&rect=0%2C0%2C1894%2C947&s=64465f851c9a241adae22b354d22d898,100,2021-03-08 23:00:00+00:00,2021-03-09 00:30:00+00:00,ACTIVE,2021-03-03 07:30:40.162523+00:00,2023-08-22 14:08:30.312247+00:00,,,,,Women in Tech: How women have helped change the industry,4.0,143999946717,,live,https://www.eventbrite.com/e/international-womens-day-lets-celebrate-women-in-tech-tickets-143999946717,4,2021-03-02 16:10:25+00:00,2021-03-08 07:30:40.834936+00:00,PERSISTED,True,False,USD,,,,,,6e3d2737-f7cd-4dd3-bdcd-c3eab421bdcd
120,Discover that learning to code will open the doors to the opportunities you are seeking.,Final Project Presentations. Meet new talent in Software Development,,https://www.eventbrite.com/e/final-project-presentations-meet-new-talent-in-software-development-tickets-135564209199,https://img.evbuc.com/https%3A%2F%2Fcdn.evbuc.com%2Fimages%2F122307227%2F187450375408%2F1%2Foriginal.20210105-202305?h=200&w=450&auto=format%2Ccompress&q=75&sharp=10&rect=0%2C0%2C1024%2C512&s=dec83db226cc4e3b1142c95e7a429c4e,100,2021-01-15 23:00:00+00:00,2021-02-15 01:30:00+00:00,ACTIVE,2021-01-06 07:30:20.971168+00:00,2023-08-22 14:08:30.317963+00:00,,,,,Discover that learning to code will open the doors to the opportunities you are seeking.,4.0,135564209199,,started,https://www.eventbrite.com/e/final-project-presentations-meet-new-talent-in-software-development-tickets-135564209199,4,2021-01-05 20:17:09+00:00,2021-02-14 07:31:03.911609+00:00,PERSISTED,True,False,USD,,,,,,b1060bb6-d4c1-486d-ab6c-02fb21ed4d9d
119,GEEKTALKS - DEMO DAY ¡TÚ TAMBIÉN HARÁS ESTO CUANDO SEAS PROGRAMADOR!,GEEKTALKS - DEMO DAY ¡TÚ TAMBIÉN HARÁS ESTO CUANDO SEAS PROGRAMADOR!,,https://www.eventbrite.com/e/geektalks-demo-day-tu-tambien-haras-esto-cuando-seas-programador-tickets-134641399049,https://img.evbuc.com/https%3A%2F%2Fcdn.evbuc.com%2Fimages%2F121898901%2F400512721347%2F1%2Foriginal.20201230-112532?h=200&w=450&auto=format%2Ccompress&q=75&sharp=10&rect=0%2C0%2C1024%2C512&s=e3d3e1c4ffb2a5a259198758b242c2ed,60,2021-01-20 17:30:00+00:00,2021-01-20 19:30:00+00:00,ACTIVE,2020-12-31 07:30:22.988321+00:00,2023-08-22 14:08:30.323449+00:00,,,,,GEEKTALKS - DEMO DAY ¡TÚ TAMBIÉN HARÁS ESTO CUANDO SEAS PROGRAMADOR!,6.0,134641399049,,live,https://www.eventbrite.com/e/geektalks-demo-day-tu-tambien-haras-esto-cuando-seas-programador-tickets-134641399049,4,2020-12-30 11:31:43+00:00,2021-01-20 07:30:48.730184+00:00,PERSISTED,True,False,USD,,,,,,23cc6db7-8860-4364-91be-c4d78851384b
808,hola como estas,Hello world 2,en,https://www.eventbrite.com/e/hello-world-2-tickets-704636997227,https://storage.googleapis.com/media-breathecode/5cc7935735d052987328418f9b9a13fdb11dffbe5083c192ad3ab7dcac8ccbbe,6,2023-08-24 15:19:00+00:00,2023-08-24 17:19:00+00:00,DRAFT,2023-08-22 15:20:15.294803+00:00,2023-08-22 15:20:27.260480+00:00,,28.0,,,hola como estas,10.0,704636997227,,draft,https://www.eventbrite.com/e/hello-world-2-tickets-704636997227,4,,2023-08-22 15:20:27.249491+00:00,PERSISTED,True,True,USD,hello-world-2-f0fe7ee5-ce41-4fa1-bca2-964676624585,"fake-discovery-lead-2,fake-discovery-lead",https://meet.google.com,1.0,True,f0fe7ee5-ce41-4fa1-bca2-964676624585
774,,Teting event number 3,,https://www.eventbrite.com/e/teting-event-number-3-tickets-692542692837,,4,2023-08-15 15:41:00+00:00,2023-08-15 17:41:00+00:00,DRAFT,2023-08-04 15:42:17.741510+00:00,2023-08-22 14:08:30.329259+00:00,,,,,fasdf adfadf ads,10.0,692542692837,,draft,https://www.eventbrite.com/e/teting-event-number-3-tickets-692542692837,4,,2023-08-04 15:42:17.808069+00:00,PERSISTED,True,True,USD,teting-event-number-3-774,,,,True,94fa6256-1734-41e2-8fea-38114165c9ef
189,Aprende a crear una lading page moderna con JavaScript,Workshop gratuito: Crea tu primera landing page con JS,,https://www.eventbrite.com/e/workshop-gratuito-crea-tu-primera-landing-page-con-js-tickets-163677209941,https://img.evbuc.com/https%3A%2F%2Fcdn.evbuc.com%2Fimages%2F141874763%2F187450375408%2F1%2Foriginal.20210716-173253?h=200&w=450&auto=format%2Ccompress&q=75&sharp=10&rect=0%2C0%2C8640%2C4320&s=351d93b37d10bbceb9189ae7d7b92fe0,100,2021-08-06 20:00:00+00:00,2021-08-06 21:30:00+00:00,ACTIVE,2021-07-17 07:30:56.128345+00:00,2023-08-22 14:08:30.341413+00:00,,,,,Aprende a crear una lading page moderna con JavaScript,2.0,163677209941,,live,https://www.eventbrite.com/e/workshop-gratuito-crea-tu-primera-landing-page-con-js-tickets-163677209941,4,2021-07-16 16:59:14+00:00,2021-08-06 07:32:14.979414+00:00,PERSISTED,True,False,USD,,,,,,9255ba95-cc39-4365-97c0-e6952db5f610
183,"Aprende a recibir pagos internacionales, fácil y con un beneficio exclusivo por ser de 4Geeks",Workshop: Payoneer,,https://www.eventbrite.com/e/workshop-payoneer-tickets-158949342763,https://img.evbuc.com/https%3A%2F%2Fcdn.evbuc.com%2Fimages%2F138301213%2F187450375408%2F1%2Foriginal.20210610-153419?h=200&w=450&auto=format%2Ccompress&q=75&sharp=10&rect=0%2C0%2C1024%2C512&s=43bd4568054fb2c36532fce0fa65edfd,300,2021-06-17 15:00:00+00:00,2021-06-17 16:00:00+00:00,ACTIVE,2021-06-11 07:31:00.387676+00:00,2023-08-22 14:08:30.348195+00:00,,,,,"Aprende a recibir pagos internacionales, fácil y con un beneficio exclusivo por ser de 4Geeks",,158949342763,,live,https://www.eventbrite.com/e/workshop-payoneer-tickets-158949342763,4,2021-06-10 15:35:29+00:00,2021-06-17 07:30:56.501803+00:00,PERSISTED,True,False,USD,,,,,,6394cfaa-a303-47ea-86d6-b91c3d577c5a
184,GEEKTALKS - Presentación de proyectos finales,GEEKTALKS - PRESENTACIÓN DE PROYECTOS FINALES,,https://www.eventbrite.com/e/geektalks-presentacion-de-proyectos-finales-tickets-160538664467,https://img.evbuc.com/https%3A%2F%2Fcdn.evbuc.com%2Fimages%2F140276061%2F400512721347%2F1%2Foriginal.20210630-081623?h=200&w=450&auto=format%2Ccompress&q=75&sharp=10&rect=0%2C10%2C4320%2C2160&s=8b045457b0e49daa7cdb8f6adacc9a04,40,2021-07-06 16:30:00+00:00,2021-07-06 18:00:00+00:00,ACTIVE,2021-06-22 07:31:45.769275+00:00,2023-08-22 14:08:30.355107+00:00,,,,,GEEKTALKS - Presentación de proyectos finales,6.0,160538664467,,live,https://www.eventbrite.com/e/geektalks-presentacion-de-proyectos-finales-tickets-160538664467,4,2021-06-21 11:45:39+00:00,2021-07-06 07:31:40.713949+00:00,PERSISTED,True,False,USD,,,,,,f77a4e26-164a-4391-9fdf-da9e1f107165
135,Info Session: Cómo convertirte en Full-Stack Jr y triunfar en el mundo tech,Cómo convertirte en Full-Stack Jr y triunfar en el mundo tech,,https://www.eventbrite.com/e/como-convertirte-en-full-stack-jr-y-triunfar-en-el-mundo-tech-tickets-149578472237,https://img.evbuc.com/https%3A%2F%2Fcdn.evbuc.com%2Fimages%2F131215561%2F187450375408%2F1%2Foriginal.20210405-182512?h=200&w=450&auto=format%2Ccompress&q=75&sharp=10&rect=0%2C0%2C9000%2C4500&s=38030e38bcf011c0b5ffc008851b2213,400,2021-04-22 22:30:00+00:00,2021-04-23 00:00:00+00:00,ACTIVE,2021-04-06 07:31:02.875846+00:00,2023-08-22 14:08:30.360840+00:00,,,,,Info Session: Cómo convertirte en Full-Stack Jr y triunfar en el mundo tech,,149578472237,,live,https://www.eventbrite.com/e/como-convertirte-en-full-stack-jr-y-triunfar-en-el-mundo-tech-tickets-149578472237,4,2021-04-05 19:41:31+00:00,2021-04-22 07:30:46.339852+00:00,PERSISTED,True,False,USD,,,,,,25732964-1273-47cd-93d9-98d7d1b0cf3e
134,JUNIOR TO JUNIOR: Introducción a typescript,JUNIOR TO JUNIOR: Introducción a typescript,,https://www.eventbrite.com/e/junior-to-junior-introduccion-a-typescript-tickets-149301212947,https://img.evbuc.com/https%3A%2F%2Fcdn.evbuc.com%2Fimages%2F131276827%2F400512721347%2F1%2Foriginal.20210406-064914?h=200&w=450&auto=format%2Ccompress&q=75&sharp=10&rect=0%2C0%2C2160%2C1080&s=c2a0dd8199ed3c2c8e1203f53bc06ee2,40,2021-04-15 16:30:00+00:00,2021-04-15 18:00:00+00:00,ACTIVE,2021-04-03 07:30:30.494404+00:00,2023-08-22 14:08:30.366641+00:00,,,,,JUNIOR TO JUNIOR: Introducción a typescript,6.0,149301212947,,live,https://www.eventbrite.com/e/junior-to-junior-introduccion-a-typescript-tickets-149301212947,4,2021-04-02 09:44:20+00:00,2021-04-15 07:31:37.113157+00:00,PERSISTED,True,False,USD,,,,,,2fc671e2-7cea-46c7-8fda-67d9d46ee52d
136,¡Nuestra próxima cohorte inicia el 03 de mayo!,Intro to Coding: Descubre los beneficios de aprender a programar,,https://www.eventbrite.com/e/intro-to-coding-descubre-los-beneficios-de-aprender-a-programar-tickets-149784554635,https://img.evbuc.com/https%3A%2F%2Fcdn.evbuc.com%2Fimages%2F132105803%2F187450375408%2F1%2Foriginal.20210406-212508?h=200&w=450&auto=format%2Ccompress&q=75&sharp=10&rect=0%2C0%2C1080%2C540&s=0e2ceb66ed4e9a865c8f74f367b09d74,100,2021-04-21 21:00:00+00:00,2021-04-21 22:00:00+00:00,ACTIVE,2021-04-07 07:30:47.961515+00:00,2023-08-22 14:08:30.373509+00:00,,,,,¡Nuestra próxima cohorte inicia el 03 de mayo!,2.0,149784554635,,live,https://www.eventbrite.com/e/intro-to-coding-descubre-los-beneficios-de-aprender-a-programar-tickets-149784554635,4,2021-04-06 21:32:21+00:00,2021-04-21 07:30:40.549584+00:00,PERSISTED,True,False,USD,,,,,,e525e67a-f62c-4b25-b51f-80b6fe13b8eb
182,TALLER: Programas fiables con TypeScript y Jest,TALLER: Programas fiables con TypeScript y Jest,,https://www.eventbrite.com/e/taller-programas-fiables-con-typescript-y-jest-tickets-158543765671,https://img.evbuc.com/https%3A%2F%2Fcdn.evbuc.com%2Fimages%2F138654413%2F187450375408%2F1%2Foriginal.20210614-163947?h=200&w=450&auto=format%2Ccompress&q=75&sharp=10&rect=0%2C20%2C8640%2C4320&s=8663d1697012ed1daf82c6b99ecc92e0,65,2021-06-22 16:00:00+00:00,2021-06-22 17:30:00+00:00,ACTIVE,2021-06-11 07:31:00.362844+00:00,2023-08-22 14:08:30.379128+00:00,,,,,TALLER: Programas fiables con TypeScript y Jest,6.0,158543765671,,live,https://www.eventbrite.com/e/taller-programas-fiables-con-typescript-y-jest-tickets-158543765671,4,2021-06-11 07:15:56+00:00,2021-06-22 07:31:45.734228+00:00,PERSISTED,True,False,USD,,,,,,59152766-946e-4f1d-89ed-635df3f12a8b
185,Learn how to build your first landing page using JS,FREE WORKSHOP: Build your first landing page using JS,,https://www.eventbrite.com/e/free-workshop-build-your-first-landing-page-using-js-tickets-162052203503,https://img.evbuc.com/https%3A%2F%2Fcdn.evbuc.com%2Fimages%2F140820729%2F187450375408%2F1%2Foriginal.20210706-154615?h=200&w=450&auto=format%2Ccompress&q=75&sharp=10&rect=0%2C2%2C4320%2C2160&s=1f707d5662300ecb8badf62b332d75aa,100,2021-07-15 22:00:00+00:00,2021-07-15 23:30:00+00:00,ACTIVE,2021-07-03 07:31:23.832171+00:00,2023-08-22 14:08:30.385192+00:00,,,,,Learn how to build your first landing page using JS,4.0,162052203503,,live,https://www.eventbrite.com/e/free-workshop-build-your-first-landing-page-using-js-tickets-162052203503,4,2021-07-02 14:13:27+00:00,2021-07-15 07:30:51.987208+00:00,PERSISTED,True,False,USD,,,,,,d7a38518-dc1d-4fe0-8742-9ca5a8b74bbc
193,¡Es hora de reconocer el esfuerzo de nuestros Desarrolladores Web Full-Stack!,Presentación de proyectos finales: Tú también harás esto como programador,,https://www.eventbrite.com/e/presentacion-de-proyectos-finales-tu-tambien-haras-esto-como-programador-tickets-168304867389,https://img.evbuc.com/https%3A%2F%2Fcdn.evbuc.com%2Fimages%2F145462131%2F187450375408%2F1%2Foriginal.20210824-175025?h=200&w=450&auto=format%2Ccompress&q=75&sharp=10&rect=0%2C0%2C2160%2C1080&s=900c092f9600d0000cf6cc5d123dc2b1,100,2021-09-03 21:30:00+00:00,2021-09-03 22:30:00+00:00,ACTIVE,2021-08-25 07:31:50.782598+00:00,2023-08-22 14:08:30.401783+00:00,,,,,¡Es hora de reconocer el esfuerzo de nuestros Desarrolladores Web Full-Stack!,2.0,168304867389,,live,https://www.eventbrite.com/e/presentacion-de-proyectos-finales-tu-tambien-haras-esto-como-programador-tickets-168304867389,4,2021-08-24 17:51:14+00:00,2021-09-03 07:31:50.082498+00:00,PERSISTED,True,False,USD,,,,,,6b31eaf9-bb16-44fd-bf8c-d64d5b40a25a
137,GEEKTALKS - PRESENTACIÓN DE PROYECTOS FINALES,GEEKTALKS - PRESENTACIÓN DE PROYECTOS FINALES,,https://www.eventbrite.com/e/geektalks-presentacion-de-proyectos-finales-tickets-149695927549,https://img.evbuc.com/https%3A%2F%2Fcdn.evbuc.com%2Fimages%2F133623955%2F400512721347%2F1%2Foriginal.20210428-103619?h=200&w=450&auto=format%2Ccompress&q=75&sharp=10&rect=0%2C0%2C4320%2C2160&s=b03a34a81d9e10c67586c2498b85c6ec,50,2021-04-29 16:30:00+00:00,2021-04-29 18:00:00+00:00,ACTIVE,2021-04-07 07:30:47.994788+00:00,2023-08-22 14:08:30.407468+00:00,,,,,GEEKTALKS - PRESENTACIÓN DE PROYECTOS FINALES,6.0,149695927549,,live,https://www.eventbrite.com/e/geektalks-presentacion-de-proyectos-finales-tickets-149695927549,4,2021-04-06 14:21:29+00:00,2021-04-29 07:31:20.768356+00:00,PERSISTED,True,False,USD,,,,,,10e77305-d4e0-49ee-b02d-215b225de009
138,✨ DESARROLLA TU MARCA PERSONAL: ATRAE Y CONECTA CON ORGANIZACIONES QUE TE MOLEN✨,✨ATRAE Y CONECTA CON ORGANIZACIONES QUE TE MOLEN✨,,https://www.eventbrite.com/e/atrae-y-conecta-con-organizaciones-que-te-molen-tickets-149860557963,https://img.evbuc.com/https%3A%2F%2Fcdn.evbuc.com%2Fimages%2F131686779%2F400512721347%2F1%2Foriginal.20210409-114736?h=200&w=450&auto=format%2Ccompress&q=75&sharp=10&rect=0%2C0%2C2160%2C1080&s=bbf203e14d23f018af5268053be995de,70,2021-04-22 16:30:00+00:00,2021-04-22 18:00:00+00:00,ACTIVE,2021-04-08 07:31:23.143103+00:00,2023-08-22 14:08:30.413991+00:00,,,,,✨ DESARROLLA TU MARCA PERSONAL: ATRAE Y CONECTA CON ORGANIZACIONES QUE TE MOLEN✨,6.0,149860557963,,live,https://www.eventbrite.com/e/atrae-y-conecta-con-organizaciones-que-te-molen-tickets-149860557963,4,2021-04-08 07:27:35+00:00,2021-04-22 07:30:46.372947+00:00,PERSISTED,True,False,USD,,,,,,4f0b5924-43c2-4152-a838-322d6c30dbcd
139,CÓMO EMPEZAR TU CARRERA COMO DESARROLLADOR FREELANCE,Cómo empezar tu carrera como desarrollador freelance,,https://www.eventbrite.com/e/como-empezar-tu-carrera-como-desarrollador-freelance-tickets-150773943925,https://img.evbuc.com/https%3A%2F%2Fcdn.evbuc.com%2Fimages%2F132073191%2F400512721347%2F1%2Foriginal.20210413-153738?h=200&w=450&auto=format%2Ccompress&q=75&sharp=10&rect=0%2C5%2C2160%2C1080&s=9fa8b4bded74a93fa90f07bef2e46f48,65,2021-05-06 16:30:00+00:00,2021-05-06 18:00:00+00:00,ACTIVE,2021-04-14 07:31:29.080321+00:00,2023-08-22 14:08:30.419998+00:00,,,,,CÓMO EMPEZAR TU CARRERA COMO DESARROLLADOR FREELANCE,6.0,150773943925,,live,https://www.eventbrite.com/e/como-empezar-tu-carrera-como-desarrollador-freelance-tickets-150773943925,4,2021-04-13 15:46:16+00:00,2021-05-06 07:30:22.755689+00:00,PERSISTED,True,False,USD,,,,,,764ae973-bcf6-457c-9e7a-f654195abc27
188,Learn how to solve advanced challenges in your interview process  by thinking like an engineer,Train yourself to nail  coding interview challenge,,https://www.eventbrite.com/e/train-yourself-to-nail-coding-interview-challenge-tickets-162816712169,https://img.evbuc.com/https%3A%2F%2Fcdn.evbuc.com%2Fimages%2F141380373%2F187450375408%2F1%2Foriginal.20210712-160444?h=200&w=450&auto=format%2Ccompress&q=75&sharp=10&rect=0%2C2%2C4320%2C2160&s=a8d0621812b4d77e18093dfe46da6d6d,100,2021-07-22 22:00:00+00:00,2021-07-23 00:00:00+00:00,ACTIVE,2021-07-12 07:30:55.094982+00:00,2023-08-22 14:08:30.425780+00:00,,,,,Learn how to solve advanced challenges in your interview process  by thinking like an engineer,4.0,162816712169,,live,https://www.eventbrite.com/e/train-yourself-to-nail-coding-interview-challenge-tickets-162816712169,4,2021-07-12 00:27:10+00:00,2021-07-22 07:30:44.115884+00:00,PERSISTED,True,False,USD,,,,,,e6cd672c-206e-4cee-9507-66a6e5211231
186,"Este webinar entregará conocimiento de finanzas a emprendedores a través de 4 pilares: orden, análisis, proyecciones y financiamiento",Taller de Finanzas para Geeks Emprendedores by CFOremoto,,https://www.eventbrite.com/e/taller-de-finanzas-para-geeks-emprendedores-by-cforemoto-tickets-162311892239,https://img.evbuc.com/https%3A%2F%2Fcdn.evbuc.com%2Fimages%2F140723195%2F187450375408%2F1%2Foriginal.20210705-165315?h=200&w=450&auto=format%2Ccompress&q=75&sharp=10&rect=0%2C27%2C3600%2C1800&s=4afd58c97d3d2a65119e4fdbcbb1a1b6,400,2021-07-27 21:00:00+00:00,2021-07-27 23:00:00+00:00,ACTIVE,2021-07-06 07:31:40.767777+00:00,2023-08-22 14:08:30.431340+00:00,,,,,"Este webinar entregará conocimiento de finanzas a emprendedores a través de 4 pilares: orden, análisis, proyecciones y financiamiento",,162311892239,,live,https://www.eventbrite.com/e/taller-de-finanzas-para-geeks-emprendedores-by-cforemoto-tickets-162311892239,4,2021-07-05 17:08:02+00:00,2021-07-27 07:30:40.099830+00:00,PERSISTED,True,False,USD,,,,,,417eaaf3-b0fa-4e30-bc45-e34ae26ffa90
140,¡Conoce lo básico de SQL!,Workshop gratuito: Intro to SQL,,https://www.eventbrite.com/e/workshop-intro-to-sql-tickets-150975456655,https://img.evbuc.com/https%3A%2F%2Fcdn.evbuc.com%2Fimages%2F132237287%2F187450375408%2F1%2Foriginal.20210414-201751?h=200&w=450&auto=format%2Ccompress&q=75&sharp=10&rect=0%2C0%2C2160%2C1080&s=17ab4713f32bcf8e0bac8842d6fad965,100,2021-05-06 21:00:00+00:00,2021-05-06 22:30:00+00:00,ACTIVE,2021-04-15 07:31:37.205283+00:00,2023-08-22 14:08:30.436809+00:00,,,,,¡Conoce lo básico de SQL!,2.0,150975456655,,live,https://www.eventbrite.com/e/workshop-gratuito-intro-to-sql-tickets-150975456655,4,2021-04-14 20:23:18+00:00,2021-05-06 07:30:22.732636+00:00,PERSISTED,True,False,USD,,,,,,a8110360-1cfb-4a27-9294-b53b7479bb74
195,GEEKTALKS - PRESENTACIÓN DE PROYECTOS FINALES,GEEKTALKS - PRESENTACIÓN DE PROYECTOS FINALES,,https://www.eventbrite.com/e/geektalks-presentacion-de-proyectos-finales-tickets-168815837715,https://img.evbuc.com/https%3A%2F%2Fcdn.evbuc.com%2Fimages%2F146782637%2F400512721347%2F1%2Foriginal.20210906-111717?h=200&w=450&auto=format%2Ccompress&q=75&sharp=10&rect=0%2C0%2C4320%2C2160&s=cebaebf2f58d73ce3eca64d69cac785f,200,2021-09-16 16:30:00+00:00,2021-09-16 18:00:00+00:00,ACTIVE,2021-08-29 07:30:37.262749+00:00,2023-08-22 14:08:30.442369+00:00,,,,,GEEKTALKS - PRESENTACIÓN DE PROYECTOS FINALES,6.0,168815837715,,live,https://www.eventbrite.com/e/geektalks-presentacion-de-proyectos-finales-tickets-168815837715,4,2021-08-28 16:31:03+00:00,2021-09-16 07:32:56.794179+00:00,PERSISTED,True,False,USD,,,,,,949ee7dd-9868-4138-b513-f6bc93d5667d
775,,testing event number 4,,https://www.eventbrite.com/e/testing-event-number-4-tickets-692543675777,,5,2023-08-16 15:44:00+00:00,2023-08-16 17:44:00+00:00,DRAFT,2023-08-04 15:44:53.715045+00:00,2023-08-22 14:08:30.448108+00:00,,,,,fads adfadf,10.0,692543675777,,draft,https://www.eventbrite.com/e/testing-event-number-4-tickets-692543675777,4,,2023-08-04 15:45:06.954462+00:00,PERSISTED,True,True,USD,testing-event-number-4-775,,,,True,07df8e75-a2e0-4ab9-b9d4-d69a39726b26
824,"Meet our new batch of Full-Stack Developers and learn about the amazing apps they created

We are excited to announce another round of final project presentations! Prepare to be amazed as Cohorts 52 and 53 of the Full-Stack Development bootcamp present the innovative projects they have been working so hard on. 💻🤓

But that's not all. We have a treat in store for you with two incredible guest speakers:

🎙️ Temante Leary
Content Developer II at Microsoft
Founder of BITE-CON and Onyx

🎙️ Kwamara Thompson
Building Community, Angel Investing, Education, and Creating Platforms

🎙️ Imade Jeremiah Osifo
Software Engineer at Microsoft | CTO of Onyyx & ClassUpdates

These industry professionals will share their experiences and provide their invaluable advice to help you navigate the ever-evolving world of technology.

Don't miss out on this extraordinary opportunity to learn, connect, and be inspired. Secure your spot now. Register now!

Spaces are limited, so don't wait!",Final Project Presentation/ Meet our new batch of Full-Stack Developers,en,https://www.eventbrite.com/e/final-project-presentation-meet-our-new-batch-of-full-stack-developers-tickets-718079042747,https://img.evbuc.com/https%3A%2F%2Fcdn.evbuc.com%2Fimages%2F596291839%2F187450375408%2F1%2Foriginal.20230912-191110?h=200&w=450&auto=format%2Ccompress&q=75&sharp=10&rect=0%2C0%2C2160%2C1080&s=a586b2de4e79040e285efa94a5cf6349,100,2023-09-22 22:00:00+00:00,2023-09-23 00:00:00+00:00,ACTIVE,2023-09-12 19:08:33.324415+00:00,2023-09-13 07:30:23.553752+00:00,,28.0,,,"Meet our new batch of Full-Stack Developers and learn about the amazing apps they created

We are excited to announce another round of final",4.0,718079042747,,live,https://www.eventbrite.com/e/final-project-presentation-meet-our-new-batch-of-full-stack-developers-tickets-718079042747,4,2023-09-12 19:15:53+00:00,2023-09-13 07:30:23.543157+00:00,PERSISTED,True,True,USD,final-project-presentation-meet-our-new-batch-of-full-stack-developers-dcfc4df2-613e-4600-bd44-68ffb8253a85,"openhouse-attendee,geektalk-attendee",https://meet.google.com/kqn-vfvy-iiv?authuser=4,3900.0,True,dcfc4df2-613e-4600-bd44-68ffb8253a85
194,"Join us at 4Geeks Academy Miami, September 16th for the last day of the conference",Machine Learning and AI MeetUp Week,,https://www.eventbrite.com/e/machine-learning-and-ai-meetup-week-tickets-168820702265,https://img.evbuc.com/https%3A%2F%2Fcdn.evbuc.com%2Fimages%2F145882151%2F187450375408%2F1%2Foriginal.20210828-182709?h=200&w=450&auto=format%2Ccompress&q=75&sharp=10&rect=0%2C26%2C1200%2C600&s=ead7cdea5ac165e191b57f64ab2d651d,1,2021-09-16 22:00:00+00:00,2021-09-20 01:00:00+00:00,ACTIVE,2021-08-29 07:30:37.241961+00:00,2023-08-22 14:08:30.466292+00:00,,,,,"Join us at 4Geeks Academy Miami, September 16th for the last day of the conference",4.0,168820702265,,started,https://www.eventbrite.com/e/machine-learning-and-ai-meetup-week-tickets-168820702265,4,2021-08-28 18:28:26+00:00,2021-09-20 07:31:39.359143+00:00,PERSISTED,False,False,USD,,,,,,3b85f337-ff2a-4150-8e27-041f618cb9b8
199,Get to know the best soft skill you need in order to land a job in tech,Soft Skills you need to land a job in tech,,https://www.eventbrite.com/e/soft-skills-you-need-to-land-a-job-in-tech-tickets-185953952277,https://img.evbuc.com/https%3A%2F%2Fcdn.evbuc.com%2Fimages%2F161746459%2F187450375408%2F1%2Foriginal.20211005-201302?h=200&w=450&auto=format%2Ccompress&q=75&sharp=10&rect=0%2C0%2C2160%2C1080&s=f0bcebaf40a2115ff966df1666221096,60,2021-10-20 20:00:00+00:00,2021-10-20 21:30:00+00:00,ACTIVE,2021-10-06 07:34:56.120367+00:00,2023-08-22 14:08:30.471476+00:00,,,,,Get to know the best soft skill you need in order to land a job in tech,4.0,185953952277,,live,https://www.eventbrite.com/e/soft-skills-you-need-to-land-a-job-in-tech-tickets-185953952277,4,2021-10-05 15:26:33+00:00,2021-10-20 07:33:09.599810+00:00,PERSISTED,True,False,USD,,,,,,1c3317d3-56c1-47aa-9c15-2f10f86b991e
198,GEEKTALKS - DEMO DAY ¡TÚ TAMBIÉN HARÁS ESTO CUANDO SEAS PROGRAMADOR!,DEMO DAY ¡TÚ TAMBIÉN HARÁS ESTO CUANDO SEAS PROGRAMADOR!,,https://www.eventbrite.com/e/demo-day-tu-tambien-haras-esto-cuando-seas-programador-tickets-185167991447,https://img.evbuc.com/https%3A%2F%2Fcdn.evbuc.com%2Fimages%2F161050509%2F187450375408%2F1%2Foriginal.20211004-223324?h=200&w=450&auto=format%2Ccompress&q=75&sharp=10&rect=0%2C0%2C2160%2C1080&s=a150ca1cde9745f8cf7c9ee0b2aa0ca5,200,2021-10-14 16:30:00+00:00,2021-10-14 17:30:00+00:00,ACTIVE,2021-10-05 07:34:33.378091+00:00,2023-08-22 14:08:30.476694+00:00,,,,,GEEKTALKS - DEMO DAY ¡TÚ TAMBIÉN HARÁS ESTO CUANDO SEAS PROGRAMADOR!,6.0,185167991447,,live,https://www.eventbrite.com/e/demo-day-tu-tambien-haras-esto-cuando-seas-programador-tickets-185167991447,4,2021-10-04 22:42:10+00:00,2021-10-14 07:30:47.475952+00:00,PERSISTED,True,False,USD,,,,,,4bee5b45-44c4-4e90-b93a-0dfd3d92e464
196,4Geeks Academy invita al evento a todas aquellas personas que quieren o que ya están dentro del mundo de la tecnología y programación,Introducción a Machine Learning y Python by 4Geeks & Revolución STEAM,,https://www.eventbrite.com/e/introduccion-a-machine-learning-y-python-by-4geeks-revolucion-steam-tickets-171416931657,https://img.evbuc.com/https%3A%2F%2Fcdn.evbuc.com%2Fimages%2F156917719%2F187450375408%2F1%2Foriginal.20210927-201226?h=200&w=450&auto=format%2Ccompress&q=75&sharp=10&rect=0%2C0%2C6480%2C3240&s=d43efbd48f933f12c5af0bd6582591fb,500,2021-10-07 18:00:00+00:00,2021-10-07 21:00:00+00:00,ACTIVE,2021-09-14 07:30:13.349218+00:00,2023-08-22 14:08:30.488993+00:00,,,,,4Geeks Academy invita al evento a todas aquellas personas que quieren o que ya están dentro del mundo de la tecnología y programación,,171416931657,,live,https://www.eventbrite.com/e/introduccion-a-machine-learning-y-python-by-4geeks-revolucion-steam-tickets-171416931657,4,2021-09-13 19:02:44+00:00,2021-10-07 07:33:22.368616+00:00,PERSISTED,True,False,USD,,,,,,3e9928ec-191a-46e7-9807-91f5bd4c4a4f
201,Create a spooky landing page with 4Geeks Academy,A Coding Halloween,,https://www.eventbrite.com/e/a-coding-halloween-tickets-191162170197,https://img.evbuc.com/https%3A%2F%2Fcdn.evbuc.com%2Fimages%2F166454899%2F187450375408%2F1%2Foriginal.20211013-154806?h=200&w=450&auto=format%2Ccompress&q=75&sharp=10&rect=0%2C40%2C1280%2C640&s=c2c2b6dd0da962eee732eaa901168e50,200,2021-10-28 14:00:00+00:00,2021-10-29 04:00:00+00:00,ACTIVE,2021-10-14 07:30:47.532154+00:00,2023-08-22 14:08:30.494559+00:00,,,,,Create a spooky landing page with 4Geeks Academy,4.0,191162170197,,started,https://www.eventbrite.com/e/a-coding-halloween-tickets-191162170197,4,2021-10-13 16:09:01+00:00,2021-10-29 07:33:01.412061+00:00,PERSISTED,True,False,USD,,,,,,43afcfc1-bf0b-438b-9187-03b82b511fc6
202,Construye una aterradora landing-page con 4Geeks Academy,A Coding Halloween Challenge!,,https://www.eventbrite.com/e/a-coding-halloween-challenge-tickets-191279822097,https://img.evbuc.com/https%3A%2F%2Fcdn.evbuc.com%2Fimages%2F166614359%2F187450375408%2F1%2Foriginal.20211013-190434?h=200&w=450&auto=format%2Ccompress&q=75&sharp=10&rect=0%2C40%2C1280%2C640&s=2ef08b3e1f867a1002243757a6b6daa0,200,2021-10-28 14:00:00+00:00,2021-10-29 03:30:00+00:00,ACTIVE,2021-10-14 07:30:47.546838+00:00,2023-08-22 14:08:30.500234+00:00,,,,,Construye una aterradora landing-page con 4Geeks Academy,4.0,191279822097,,started,https://www.eventbrite.com/e/a-coding-halloween-challenge-tickets-191279822097,4,2021-10-13 19:38:52+00:00,2021-10-29 07:33:01.431724+00:00,PERSISTED,True,False,USD,,,,,,cbec74ee-9c05-4702-8625-6c29b825051e
133,Learn about Python basics and use it right away!,Free Workshop: Build a Basic Python App,en,https://www.eventbrite.com/e/free-workshop-build-a-basic-python-app-tickets-148660219719,https://img.evbuc.com/https%3A%2F%2Fcdn.evbuc.com%2Fimages%2F130591813%2F187450375408%2F1%2Foriginal.20210329-192411?h=200&w=450&auto=format%2Ccompress&q=75&sharp=10&rect=0%2C0%2C2160%2C1080&s=e0536b534d99696812968cf6d4c4e44e,100,2021-04-09 21:00:00+00:00,2021-04-09 22:30:00+00:00,ACTIVE,2021-03-30 07:30:36.706075+00:00,2023-08-22 14:08:30.505648+00:00,,,,,Learn about Python basics and use it right away!,4.0,148660219719,,live,https://www.eventbrite.com/e/free-workshop-build-a-basic-python-app-tickets-148660219719,4,2021-03-29 19:27:04+00:00,2021-04-09 07:30:31.025349+00:00,PERSISTED,True,False,USD,,,,,,4d6b1e76-71ed-4e15-a900-1700e3bc21f8
747,"¡Habemus graduación!🎓⭐

El día 18 de agosto nuestros estudiantes estarán presentando sus proyectos finales, momento donde demostrarán todo lo aprendido en estas 18 semanas en nuestro programa de Full-Stack Developer 🚀

¿Te imaginas que el próximo seas tú presentando tu proyecto?🧑🏻‍💻

Conéctate y verás de lo que puedes convertirte 🚀 ¡Regístrate ya!",Presentación de Proyectos Finales- 4Geeks Academy Latam,es,https://www.eventbrite.com/e/presentacion-de-proyectos-finales-4geeks-academy-latam-tickets-689272010137,https://img.evbuc.com/https%3A%2F%2Fcdn.evbuc.com%2Fimages%2F577484899%2F187450375408%2F1%2Foriginal.20230817-145340?h=200&w=450&auto=format%2Ccompress&q=75&sharp=10&rect=0%2C0%2C2160%2C1080&s=f6fdee46a1ed072a5f04795c95e3d262,100,2023-08-23 00:00:00+00:00,2023-08-23 02:00:00+00:00,COMPLETED,2023-07-31 13:33:06.916903+00:00,2023-09-12 23:47:15.735459+00:00,,29.0,Janeth Kalaouz,,¡Descubre todo lo que puedes aprender como estudiante de 4Geeks Academy!,7.0,689272010137,,completed,https://www.eventbrite.com/e/entradas-presentacion-de-proyectos-finales-4geeks-academy-latam-689272010137,4,2023-07-31 13:37:45+00:00,2023-08-23 16:19:39.831026+00:00,PERSISTED,True,True,USD,presentacion-de-proyectos-finales-4geeks-academy-latam-747,"geektalk-attendee,openhouse-attendee",https://www.youtube.com/watch?v=jCVJzejBkCE&ab_channel=4GeeksAcademy,,True,f103ffc3-643e-4a7c-b16a-cfc6a2cacb99
207,4Geeks is proud to sponsor the TECH HUB HACKATHON,Tech Hub Hackaton,,https://www.eventbrite.com/e/tech-hub-hackaton-tickets-196654497897,https://img.evbuc.com/https%3A%2F%2Fcdn.evbuc.com%2Fimages%2F172217309%2F187450375408%2F1%2Foriginal.20211022-170237?h=200&w=450&auto=format%2Ccompress&q=75&sharp=10&rect=0%2C1%2C1440%2C720&s=c4cfa2d245b4f6fadc46339f0e8beae2,1,2021-11-05 12:00:00+00:00,2021-11-07 23:00:00+00:00,ACTIVE,2021-10-23 07:33:49.363733+00:00,2023-08-22 14:08:30.516952+00:00,,,,,4Geeks is proud to sponsor the TECH HUB HACKATHON,4.0,196654497897,,started,https://www.eventbrite.com/e/tech-hub-hackaton-tickets-196654497897,4,2021-10-22 17:05:36+00:00,2021-11-07 07:30:47.350351+00:00,PERSISTED,True,False,USD,,,,,,c5fc21fe-6dde-4cf2-ae67-61eb4d293778
213,¿Quieres dar tus primeros pasos en el mundo de Python?,Workshop: Python para principiantes,,https://www.eventbrite.com/e/workshop-python-para-principiantes-tickets-214308772307,https://img.evbuc.com/https%3A%2F%2Fcdn.evbuc.com%2Fimages%2F189990919%2F187450375408%2F1%2Foriginal.20211122-143248?h=200&w=450&auto=format%2Ccompress&q=75&sharp=10&rect=0%2C0%2C2160%2C1080&s=b46d0feaf4854226c2541873442abe45,120,2021-12-09 20:00:00+00:00,2021-12-09 21:00:00+00:00,ACTIVE,2021-11-19 07:30:54.885836+00:00,2023-08-22 14:08:30.522336+00:00,,,,,¿Quieres dar tus primeros pasos en el mundo de Python?,2.0,214308772307,,live,https://www.eventbrite.com/e/workshop-python-para-principiantes-tickets-214308772307,4,2021-11-18 22:09:32+00:00,2021-12-09 07:30:46.709750+00:00,PERSISTED,True,False,USD,,,,,,e2084394-bc60-4619-9c82-a3c970684ce7
212,GEEKTALKS - DEMO DAY ¡TÚ TAMBIÉN HARÁS ESTO CUANDO SEAS PROGRAMADOR!,GEEKTALKS - PRESENTACIÓN DE PROYECTOS FINALES,,https://www.eventbrite.com/e/geektalks-presentacion-de-proyectos-finales-tickets-214441248547,https://img.evbuc.com/https%3A%2F%2Fcdn.evbuc.com%2Fimages%2F188704609%2F187450375408%2F1%2Foriginal.20211119-035031?h=200&w=450&auto=format%2Ccompress&q=75&sharp=10&rect=0%2C0%2C2160%2C1080&s=40991174ed57f5f54596a762c94eb850,200,2021-12-01 17:30:00+00:00,2021-12-01 18:30:00+00:00,ACTIVE,2021-11-19 07:30:54.870413+00:00,2023-08-22 14:08:30.534636+00:00,,,,,GEEKTALKS - DEMO DAY ¡TÚ TAMBIÉN HARÁS ESTO CUANDO SEAS PROGRAMADOR!,6.0,214441248547,,live,https://www.eventbrite.com/e/geektalks-presentacion-de-proyectos-finales-tickets-214441248547,4,2021-11-19 04:27:58+00:00,2021-12-01 07:31:14.344451+00:00,PERSISTED,True,False,USD,,,,,,3cdae5f0-5a2a-4d1f-b420-b07334695478
216,Discover that learning to code will open the doors to the opportunities you are seeking,Pitch Day! Final Project Presentations!,,https://www.eventbrite.com/e/pitch-day-final-project-presentations-tickets-219922262407,https://img.evbuc.com/https%3A%2F%2Fcdn.evbuc.com%2Fimages%2F199369909%2F187450375408%2F1%2Foriginal.20211210-174651?h=200&w=450&auto=format%2Ccompress&q=75&sharp=10&s=b8fedf067eb15a756527015e870f4a0e,100,2021-12-10 23:00:00+00:00,2021-12-11 02:00:00+00:00,ACTIVE,2021-12-01 07:31:14.393006+00:00,2023-08-22 14:08:30.545152+00:00,,,,,Discover that learning to code will open the doors to the opportunities you are seeking,4.0,219922262407,,started,https://www.eventbrite.com/e/pitch-day-final-project-presentations-tickets-219922262407,4,2021-11-30 14:20:21+00:00,2021-12-11 07:31:00.491310+00:00,PERSISTED,False,False,USD,,,,,,422f8497-f59b-4a98-a28c-3b252b5e4e33
205,Como encontrar mi primer empleo como Developer,Cómo encontrar mi primer trabajo como Programador,,https://www.eventbrite.com/e/como-encontrar-tu-primer-trabajo-como-programador-con-flyncer-tickets-196117000227,https://img.evbuc.com/https%3A%2F%2Fcdn.evbuc.com%2Fimages%2F171685189%2F187450375408%2F1%2Foriginal.20211021-204130?h=200&w=450&auto=format%2Ccompress&q=75&sharp=10&rect=0%2C0%2C6480%2C3240&s=7a896ce3890fccbfc8aca89974a8f7f0,70,2021-11-04 17:30:00+00:00,2021-11-04 19:00:00+00:00,ACTIVE,2021-10-22 07:31:15.377245+00:00,2023-08-22 14:08:30.551812+00:00,,,,,Como encontrar mi primer empleo como Developer,6.0,196117000227,,live,https://www.eventbrite.com/e/como-encontrar-mi-primer-trabajo-como-programador-tickets-196117000227,4,2021-10-21 20:54:39+00:00,2021-11-04 07:33:33.971749+00:00,PERSISTED,True,False,USD,,,,,,1d398f4c-9901-4787-a50c-f1fea4b670a9
210,"Hi Geek! 
Welcome to our GeekForce workshop where you'll learn the best practices to fin your first job as a developer!",GeekForce Workshop,,https://www.eventbrite.com/e/geekforce-workshop-tickets-204789078647,https://img.evbuc.com/https%3A%2F%2Fcdn.evbuc.com%2Fimages%2F180184839%2F187450375408%2F1%2Foriginal.20211104-162335?h=200&w=450&auto=format%2Ccompress&q=75&sharp=10&rect=0%2C85%2C2160%2C1080&s=74be721e3999392edc7c650f382af927,100,2021-11-05 22:00:00+00:00,2021-11-05 23:30:00+00:00,ACTIVE,2021-11-04 07:33:34.007624+00:00,2023-08-22 14:08:30.563740+00:00,,,,,"Hi Geek! 
Welcome to our GeekForce workshop where you'll learn the best practices to fin your first job as a developer!",4.0,204789078647,,live,https://www.eventbrite.com/e/geekforce-workshop-tickets-204789078647,4,2021-11-03 22:03:56+00:00,2021-11-05 07:30:17.092342+00:00,PERSISTED,True,False,USD,,,,,,c96eb270-1e0b-4de6-8270-20fa81c7a5bd
208,Meet with hiring partners and skyrocket your career in tech! ,Launch your career: Connect with Chewy,,https://www.eventbrite.com/e/launch-your-career-connect-with-chewy-tickets-199355275997,https://img.evbuc.com/https%3A%2F%2Fcdn.evbuc.com%2Fimages%2F174385539%2F187450375408%2F1%2Foriginal.20211026-185353?h=200&w=450&auto=format%2Ccompress&q=75&sharp=10&rect=0%2C0%2C2160%2C1080&s=cee82258867c0c5609130e191ebe8885,100,2021-11-10 22:00:00+00:00,2021-11-10 23:30:00+00:00,ACTIVE,2021-10-27 07:32:51.186788+00:00,2023-08-22 14:08:30.569794+00:00,,,,,Meet with hiring partners and skyrocket your career in tech! ,4.0,199355275997,,live,https://www.eventbrite.com/e/launch-your-career-connect-with-chewy-tickets-199355275997,4,2021-10-26 19:38:27+00:00,2021-11-10 07:30:53.376395+00:00,PERSISTED,True,False,USD,,,,,,06a47677-063f-436f-ae24-55e4d66d0e36
262,"Tienes dudas sobre tu carrera? ¿Aun no te convence al 100%?

Si alguna vez te has preguntado todo esto, ¡la respuesta es SI y esta aquí!",Cambié de carrera para convertirme en programador,,https://www.eventbrite.com/e/cambie-de-carrera-para-convertirme-en-programador-tickets-261129333867,https://img.evbuc.com/https%3A%2F%2Fcdn.evbuc.com%2Fimages%2F222684739%2F187450375408%2F1%2Foriginal.20220202-152545?h=200&w=450&auto=format%2Ccompress&q=75&sharp=10&rect=0%2C16%2C2066%2C1033&s=fc6d12db75877a6eedfad97e0908b66b,400,2022-02-07 20:30:00+00:00,2022-02-07 21:30:00+00:00,COMPLETED,2022-02-02 16:34:57.261876+00:00,2023-08-22 14:08:30.626881+00:00,,,,,"Tienes dudas sobre tu carrera? ¿Aun no te convence al 100%?

Si alguna vez te has preguntado todo esto, ¡la respuesta es SI y esta aquí!",5.0,261129333867,,completed,https://www.eventbrite.com/e/cambie-de-carrera-para-convertirme-en-programador-tickets-261129333867,4,2022-02-02 15:36:14+00:00,2022-02-08 12:45:11.249569+00:00,PERSISTED,True,False,USD,,,,,,ebadd82a-4d84-4923-9637-20f61372295a
209,GEEKTALKS - DEMO DAY ¡TÚ TAMBIÉN HARÁS ESTO CUANDO SEAS PROGRAMADOR!,GEEKTALKS - PRESENTACIÓN DE PROYECTOS FINALES,,https://www.eventbrite.com/e/geektalks-presentacion-de-proyectos-finales-tickets-204193607577,https://img.evbuc.com/https%3A%2F%2Fcdn.evbuc.com%2Fimages%2F178968899%2F187450375408%2F1%2Foriginal.20211102-233206?h=200&w=450&auto=format%2Ccompress&q=75&sharp=10&rect=0%2C10%2C4320%2C2160&s=d79db2c36ebe505edc266ad3f9401494,200,2021-11-11 17:30:00+00:00,2021-11-11 18:30:00+00:00,ACTIVE,2021-11-03 07:33:26.503617+00:00,2023-08-22 14:08:30.575974+00:00,,,,,GEEKTALKS - DEMO DAY ¡TÚ TAMBIÉN HARÁS ESTO CUANDO SEAS PROGRAMADOR!,6.0,204193607577,,live,https://www.eventbrite.com/e/geektalks-presentacion-de-proyectos-finales-tickets-204193607577,4,2021-11-02 23:35:36+00:00,2021-11-11 07:30:45.714153+00:00,PERSISTED,True,False,USD,,,,,,f7385c48-e53b-4b6f-ac5d-c97dbfadde73
211,¡Conoce increíbles proyectos de los que serán oficialmente Desarrolladores Web Full-Stack!,GeekTALKS: Presentación de proyectos finales,,https://www.eventbrite.com/e/geektalks-presentacion-de-proyectos-finales-tickets-211350965427,https://img.evbuc.com/https%3A%2F%2Fcdn.evbuc.com%2Fimages%2F187717569%2F187450375408%2F1%2Foriginal.20211117-181926?h=200&w=450&auto=format%2Ccompress&q=75&sharp=10&rect=0%2C0%2C2160%2C1080&s=3f247bc6efef5a1d45a91ea4976158c4,50,2021-11-19 21:30:00+00:00,2021-11-19 23:30:00+00:00,ACTIVE,2021-11-16 07:30:43.711081+00:00,2023-08-22 14:08:30.583234+00:00,,,,,¡Conoce increíbles proyectos de los que serán oficialmente Desarrolladores Web Full-Stack!,2.0,211350965427,,live,https://www.eventbrite.com/e/geektalks-presentacion-de-proyectos-finales-tickets-211350965427,4,2021-11-15 22:22:47+00:00,2021-11-19 07:30:54.840753+00:00,PERSISTED,True,False,USD,,,,,,5d4770fd-a362-4d60-9e0f-8bbc5e02502b
215,Ho ho ho! Christmas is here and with it an amazing coding challenges and incredible prizes!,A 4Geeks Christmas Challenge #GeekMas,,https://www.eventbrite.com/e/a-4geeks-christmas-challenge-geekmas-tickets-219336861457,https://img.evbuc.com/https%3A%2F%2Fcdn.evbuc.com%2Fimages%2F196008969%2F187450375408%2F1%2Foriginal.20211203-191914?h=200&w=450&auto=format%2Ccompress&q=75&sharp=10&rect=0%2C0%2C6106%2C3053&s=90832460a6c45b417622de4c816497bc,100,2021-12-01 10:00:00+00:00,2021-12-23 00:00:00+00:00,ACTIVE,2021-11-30 07:30:26.436122+00:00,2023-08-22 14:08:30.589696+00:00,,,,,Ho ho ho! Christmas is here and with it an amazing coding challenges and incredible prizes!,4.0,219336861457,,started,https://www.eventbrite.com/e/a-4geeks-christmas-challenge-geekmas-tickets-219336861457,4,2021-11-29 21:40:15+00:00,2021-12-23 09:08:44.994111+00:00 => 'NoneType' object is not subscriptable,ERROR,True,False,USD,,,,,,342dcc67-db69-4ee0-9e35-6e4a3fd0a27a
214,Get ready to skyrocket your tech career in 2022!,A New Years State of Mind: Boost your 2022 Career with AI,,https://www.eventbrite.com/e/a-new-years-state-of-mind-boost-your-2022-career-with-ai-tickets-217168235037,https://img.evbuc.com/https%3A%2F%2Fcdn.evbuc.com%2Fimages%2F192351439%2F187450375408%2F1%2Foriginal.20211126-164821?h=200&w=450&auto=format%2Ccompress&q=75&sharp=10&rect=0%2C0%2C2160%2C1080&s=95fced60dc13cc037afb3ef0d8ab54ff,100,2021-12-16 23:00:00+00:00,2021-12-17 02:00:00+00:00,ACTIVE,2021-11-25 07:30:13.815814+00:00,2023-08-22 14:08:30.595898+00:00,,,,,Get ready to skyrocket your tech career in 2022!,4.0,217168235037,,started,https://www.eventbrite.com/e/a-new-years-state-of-mind-boost-your-2022-career-with-ai-tickets-217168235037,4,2021-11-24 21:14:46+00:00,2021-12-17 07:30:17.195460+00:00,PERSISTED,False,False,USD,,,,,,6a74a442-0acc-4de4-bf0e-7b5857965ed1
218,¡Conoce la manera de cambiar tu vida al aprender a programar en pocas semanas!,Intro to Coding: Descubre cómo potenciar tu carrera como programador,,https://www.eventbrite.com/e/intro-to-coding-descubre-como-potenciar-tu-carrera-como-programador-tickets-223478208337,https://img.evbuc.com/https%3A%2F%2Fcdn.evbuc.com%2Fimages%2F197029859%2F187450375408%2F1%2Foriginal.20211206-173104?h=200&w=450&auto=format%2Ccompress&q=75&sharp=10&rect=0%2C0%2C2160%2C1080&s=a923b5bb64fd68974a9621bae8a60fff,80,2022-01-13 20:30:00+00:00,2022-01-13 23:00:00+00:00,COMPLETED,2021-12-07 07:30:49.073467+00:00,2023-08-22 14:08:30.601955+00:00,,,,,¡Conoce la manera de cambiar tu vida al aprender a programar en pocas semanas!,2.0,223478208337,,completed,https://www.eventbrite.com/e/intro-to-coding-descubre-como-potenciar-tu-carrera-como-programador-tickets-223478208337,4,2021-12-06 17:43:31+00:00,2022-01-14 10:03:39.830025+00:00,PERSISTED,False,False,USD,,,,,,e73dc3cd-5cff-466f-8cdb-2012db127f18
251,Discover that learning to code will open the doors to the opportunities you are seeking,PITCH DAY: Final Projects Presentations! #GeekTalks,,https://www.eventbrite.com/e/pitch-day-final-projects-presentations-geektalks-tickets-227821519297,https://img.evbuc.com/https%3A%2F%2Fcdn.evbuc.com%2Fimages%2F206834929%2F187450375408%2F1%2Foriginal.20220103-194128?h=200&w=450&auto=format%2Ccompress&q=75&sharp=10&rect=0%2C0%2C2160%2C1080&s=38eb67ae5c607163625a41453d7bd8ee,100,2022-01-07 23:00:00+00:00,2022-01-08 02:00:00+00:00,COMPLETED,2021-12-15 07:30:35.265091+00:00,2023-08-22 14:08:30.608868+00:00,,,,,Discover that learning to code will open the doors to the opportunities you are seeking,4.0,227821519297,,completed,https://www.eventbrite.com/e/pitch-day-final-projects-presentations-geektalks-tickets-227821519297,4,2021-12-14 18:03:41+00:00,2022-01-08 09:20:25.362436+00:00,PERSISTED,False,False,USD,,,,,,d3e8884a-a2ce-4e43-a29e-024b62170962
776,,testing event number 4,,https://www.eventbrite.com/e/testing-event-number-4-tickets-692543685807,,5,2023-08-16 15:44:00+00:00,2023-08-16 17:44:00+00:00,DRAFT,2023-08-04 15:44:56.712857+00:00,2023-08-22 14:08:30.615531+00:00,,,,,fads adfadf,10.0,692543685807,,draft,https://www.eventbrite.com/e/testing-event-number-4-tickets-692543685807,4,,2023-08-04 15:45:06.945093+00:00,PERSISTED,True,True,USD,testing-event-number-4-776,,,,True,2a6cd813-32ce-4937-afc7-e3264bfaf5ee
252,Skyrocket your career in tech!,Career Week 2022!,,https://www.eventbrite.com/e/career-week-2022-tickets-241152733317,https://img.evbuc.com/https%3A%2F%2Fcdn.evbuc.com%2Fimages%2F208965839%2F187450375408%2F1%2Foriginal.20220107-145003?h=200&w=450&auto=format%2Ccompress&q=75&sharp=10&rect=0%2C0%2C2160%2C1080&s=2981882f312572abc5826e87cc7c5943,60,2022-01-17 23:00:00+00:00,2022-01-21 00:00:00+00:00,COMPLETED,2022-01-07 14:42:08.870620+00:00,2023-08-22 14:08:30.621335+00:00,,,,,Skyrocket your career in tech!,4.0,241152733317,,completed,https://www.eventbrite.com/e/career-week-2022-tickets-241152733317,4,2022-01-07 15:27:59+00:00,2022-01-21 09:21:44.519116+00:00,PERSISTED,True,False,USD,,,,,,133de59c-a986-45d5-bece-467adcbbd853
552,¡Te esperamos el próximo 8 de febrero!,Cómo manejar la frustración en el mundo de la programación,es,https://www.eventbrite.com/e/como-manejar-la-frustracion-en-el-mundo-de-la-programacion-tickets-516768166497,https://img.evbuc.com/https%3A%2F%2Fcdn.evbuc.com%2Fimages%2F431990039%2F187450375408%2F1%2Foriginal.20230125-152734?h=200&w=450&auto=format%2Ccompress&q=75&sharp=10&rect=0%2C0%2C1024%2C512&s=38677d19b1a1b1440e2564099347d195,130,2023-02-08 21:00:00+00:00,2023-02-08 23:00:00+00:00,COMPLETED,2023-01-16 15:28:22.153176+00:00,2023-08-22 14:08:30.644491+00:00,,22.0,Janeth Kalaouz,,¡Te esperamos el próximo 8 de febrero!,2.0,516768166497,,completed,https://www.eventbrite.com/e/entradas-como-manejar-la-frustracion-en-el-mundo-de-la-programacion-516768166497,4,2023-01-16 15:45:21+00:00,2023-02-09 13:50:27.301006+00:00,PERSISTED,True,True,USD,como-manejar-la-frustracion-en-el-mundo-de-la-programacion,"career-support-attendee,fs-event-attendee",,,,26b54440-97d5-4452-ae8e-77320020763a
803,"During the workshop, attendees will delve into the fundamentals of API development and explore the versatility and simplicity of Python and Flask in this domain. Camilo Villegas will guide participants through the process of building an API from scratch, covering topics such as routing, request handling, authentication, and database integration. Through hands-on exercises and live coding demonstrations, attendees will have the opportunity to engage actively and apply their new skills in real-time.

By the end of the event, participants will have a solid understanding of API development principles and the confidence to create their own APIs using Python and Flask. They will have learned best practices, practical techniques, and essential tools necessary to build efficient, scalable, and secure APIs.


Join us on September 21st and take the first step towards becoming an API development expert. Reserve your spot now for an unforgettable and enlightening experience.",Create an API with Python/Flask,en,https://www.eventbrite.com/e/create-an-api-with-pythonflask-tickets-701082144567,https://img.evbuc.com/https%3A%2F%2Fcdn.evbuc.com%2Fimages%2F578445399%2F187450375408%2F1%2Foriginal.20230818-184437?h=200&w=450&auto=format%2Ccompress&q=75&sharp=10&rect=0%2C0%2C2160%2C1080&s=2a4dedcaf556c0029738855ae82f5bf5,100,2023-09-21 22:00:00+00:00,2023-09-22 00:00:00+00:00,ACTIVE,2023-08-18 18:37:35.105306+00:00,2023-09-13 07:30:23.101926+00:00,,9.0,,,"Join us for a hands-on workshop on September 21st organized by 4Geeks Academy, featuring the esteemed speaker Camilo Villegas.",4.0,701082144567,,live,https://www.eventbrite.com/e/create-an-api-with-pythonflask-tickets-701082144567,4,2023-08-18 18:52:31+00:00,2023-09-13 07:30:23.089559+00:00,PERSISTED,True,True,USD,create-an-api-with-python-flask-803,"tech-python,openhouse-attendee",https://meet.google.com/cjr-jcdn-zoy?authuser=4,6186.0,True,1e2a9c54-027a-482b-b77b-5c6c5b0784d6
410,Únete a este evento para darte las herramientas y estrategias necesarias para que puedas manejar el estrés de la mejor manera,5 Claves para afrontar una entrevista laboral en inglés,es,https://www.eventbrite.com/e/5-claves-para-afrontar-una-entrevista-laboral-en-ingles-tickets-356644642727,https://img.evbuc.com/https%3A%2F%2Fcdn.evbuc.com%2Fimages%2F296773039%2F187450375408%2F1%2Foriginal.20220603-170724?h=200&w=450&auto=format%2Ccompress&q=75&sharp=10&rect=0%2C0%2C6480%2C3240&s=56773fc6b0624043feb1b2a13091e457,500,2022-06-16 22:00:00+00:00,2022-06-16 23:00:00+00:00,COMPLETED,2022-06-03 17:04:41.706319+00:00,2023-08-22 14:08:30.655076+00:00,,,4Geeks Academy Chile,,Únete a este evento para darte las herramientas y estrategias necesarias para que puedas manejar el estrés de la mejor manera,5.0,356644642727,,completed,https://www.eventbrite.com/e/5-claves-para-afrontar-una-entrevista-laboral-en-ingles-tickets-356644642727,4,2022-06-03 17:56:01+00:00,2022-06-17 12:06:55.054303+00:00,PERSISTED,True,True,USD,5-claves-para-afrontar-una-entrevista-laboral-en-ingles,"fs-event-attendee,career-support-attendee",,,,d9dd3c7c-540a-4f70-8b17-965de8339734
595,Join us on February 28!,Create a TodoList using VANILLA JS,en,https://www.eventbrite.com/e/todolist-with-vanilla-js-tickets-541777901287,https://img.evbuc.com/https%3A%2F%2Fcdn.evbuc.com%2Fimages%2F448780969%2F187450375408%2F1%2Foriginal.20230217-164832?h=200&w=450&auto=format%2Ccompress&q=75&sharp=10&rect=0%2C0%2C3240%2C1620&s=c277660c7f517fcaf7ef8c602b022d3e,50,2023-02-28 23:00:00+00:00,2023-03-01 00:00:00+00:00,COMPLETED,2023-02-09 20:57:30.270619+00:00,2023-08-22 14:08:30.660799+00:00,,7.0,Brent Solomon,,Join us on February 28!,4.0,541777901287,,completed,https://www.eventbrite.com/e/create-a-todolist-using-vanilla-js-tickets-541777901287,4,2023-02-09 21:00:50+00:00,2023-03-01 09:57:22.545231+00:00,PERSISTED,True,True,USD,create-a-todolist-using-vanilla-js,"tech-javascript,tech-frontend",https://www.youtube.com/watch?v=LC0Er_dDDO0,,,5e89b35b-36b9-41de-a081-d75daabcdfc0
339,Descripción,GEEKTALKS - DEMODAY - PRESENTACIÓN DE PROYECTOS FINALES,,https://www.eventbrite.com/e/geektalks-demoday-presentacion-de-proyectos-finales-tickets-301304779707,https://img.evbuc.com/https%3A%2F%2Fcdn.evbuc.com%2Fimages%2F250079019%2F400512721347%2F1%2Foriginal.20220318-121957?h=200&w=450&auto=format%2Ccompress&q=75&sharp=10&s=88e07feed86cfe45ba1a2860e4563d71,200,2022-03-30 16:30:00+00:00,2022-03-30 18:00:00+00:00,COMPLETED,2022-03-18 09:54:26.825500+00:00,2023-08-22 14:08:30.649727+00:00,,,,,Descripción,6.0,301304779707,,completed,https://www.eventbrite.com/e/geektalks-demoday-presentacion-de-proyectos-finales-tickets-301304779707,4,2022-03-22 09:00:18+00:00,2022-03-31 04:02:33.355241+00:00,PERSISTED,True,True,USD,,,,,,41b29194-f853-429f-abc1-8df8b873b1be
601,¡Descubre todo lo que puedes aprender como estudiante de 4Geeks Academy España!,GeekTALKS - Demo de Proyectos Finales España,es,https://www.eventbrite.com/e/geektalks-demo-de-proyectos-finales-espana-tickets-558738380537,https://img.evbuc.com/https%3A%2F%2Fcdn.evbuc.com%2Fimages%2F467581099%2F187450375408%2F1%2Foriginal.20230313-150511?h=200&w=450&auto=format%2Ccompress&q=75&sharp=10&rect=0%2C0%2C2160%2C1080&s=7012c15f492fa43fa05cf7d4f9917cae,50,2023-03-16 18:00:00+00:00,2023-03-16 20:00:00+00:00,COMPLETED,2023-02-22 14:00:38.322883+00:00,2023-08-22 14:08:30.666511+00:00,,29.0,Victor Gómez,,¡Descubre todo lo que puedes aprender como estudiante de 4Geeks Academy España!,6.0,558738380537,,completed,https://www.eventbrite.com/e/entradas-geektalks-demo-de-proyectos-finales-espana-558738380537,4,2023-02-22 14:32:22+00:00,2023-03-17 08:59:01.102015+00:00,PERSISTED,True,True,USD,geektalks-demo-de-proyectos-finales-espana,"openhouse-attendee,geektalk-attendee",https://www.youtube.com/watch?v=rat8XB_xP1g,,,0c6d8d78-88b9-4ee4-9c36-62bd16b34732
268,Invierte en tu futuro: Conviértete en un Desarrollador Full-Stack con 4Geeks Academy,Info Session: Transforma tu carrera aprendiendo a programar,,https://www.eventbrite.com/e/info-session-transforma-tu-carrera-aprendiendo-a-programar-tickets-269818122267,https://img.evbuc.com/https%3A%2F%2Fcdn.evbuc.com%2Fimages%2F230496989%2F187450375408%2F1%2Foriginal.20220215-183129?h=200&w=450&auto=format%2Ccompress&q=75&sharp=10&rect=0%2C0%2C2160%2C1080&s=594743414edfe4acecd27a583105bc01,100,2022-02-24 22:00:00+00:00,2022-02-24 23:00:00+00:00,COMPLETED,2022-02-15 18:30:47.228675+00:00,2023-08-22 14:08:30.671874+00:00,,,,,Invierte en tu futuro: Conviértete en un Desarrollador Full-Stack con 4Geeks Academy,7.0,269818122267,,completed,https://www.eventbrite.com/e/info-session-transforma-tu-carrera-aprendiendo-a-programar-tickets-269818122267,4,2022-02-15 18:46:56+00:00,2022-02-25 13:04:33.885540+00:00,PERSISTED,True,False,USD,,,,,,7f88570d-514d-4c92-8584-6ed5049c52e6
260,¡Eleva tu carrera como programador aprendiendo  HTML! ,¡Aprende de HTML de cero! Intro-Session,,https://www.eventbrite.com/e/aprende-de-html-de-cero-intro-session-tickets-243823090427,https://img.evbuc.com/https%3A%2F%2Fcdn.evbuc.com%2Fimages%2F211343479%2F187450375408%2F1%2Foriginal.20220112-162748?h=200&w=450&auto=format%2Ccompress&q=75&sharp=10&rect=0%2C0%2C1080%2C540&s=63c6ff8f340acd787ed661368ffcb930,300,2022-02-03 22:00:00+00:00,2022-02-04 00:00:00+00:00,COMPLETED,2022-02-02 16:34:57.199431+00:00,2023-08-22 14:08:30.677723+00:00,,,,,¡Eleva tu carrera como programador aprendiendo  HTML! ,7.0,243823090427,,completed,https://www.eventbrite.com/e/aprende-de-html-de-cero-intro-session-tickets-243823090427,4,2022-01-12 16:35:14+00:00,2022-02-04 13:42:15.581545+00:00,PERSISTED,True,False,USD,,,,,,d7159054-1076-411a-88c3-3e9b624c503b
628,¡Te esperamos el 18 de mayo!,Dominando Visual Studio Code: Trabajando con repositorios locales,es,https://www.eventbrite.com/e/dominando-visual-studio-code-trabajando-con-repositorios-locales-tickets-622776179317,https://img.evbuc.com/https%3A%2F%2Fcdn.evbuc.com%2Fimages%2F498419459%2F187450375408%2F1%2Foriginal.20230421-223504?h=200&w=450&auto=format%2Ccompress&q=75&sharp=10&rect=0%2C0%2C2160%2C1080&s=d1006408fc90af41a9ada9453681c452,100,2023-05-19 00:00:00+00:00,2023-05-19 01:00:00+00:00,COMPLETED,2023-04-21 22:30:42.388694+00:00,2023-08-22 14:08:30.690603+00:00,,26.0,Arnaldo Pérez,,¡Te esperamos el 18 de mayo!,7.0,622776179317,,completed,https://www.eventbrite.com/e/entradas-dominando-visual-studio-code-trabajando-con-repositorios-locales-622776179317,4,2023-04-21 22:40:47+00:00,2023-05-19 12:31:57.293926+00:00,PERSISTED,True,True,USD,dominando-visual-studio-code-trabajando-con-repositorios-locales,"openhouse-attendee,fs-event-attendee",https://bluejeans.com/668786553/9347,,,1889adfa-4e3c-421d-8557-b868ea1e5f9e
263,Construye un feed de Instagram con HTML & CSS en poco más de 1 hora.,Crea tu propio feed de Instagram con HTML y CSS,,https://www.eventbrite.com/e/crea-tu-propio-feed-de-instagram-con-html-y-css-tickets-253698327527,https://img.evbuc.com/https%3A%2F%2Fcdn.evbuc.com%2Fimages%2F217546609%2F187450375408%2F1%2Foriginal.20220124-213345?h=200&w=450&auto=format%2Ccompress&q=75&sharp=10&rect=0%2C0%2C2160%2C1080&s=2a20abfc2483ebdcd3bb014058722b99,100,2022-02-10 20:00:00+00:00,2022-02-10 21:30:00+00:00,COMPLETED,2022-02-02 16:34:57.299981+00:00,2023-08-22 14:08:30.696250+00:00,,,,,Construye un feed de Instagram con HTML & CSS en poco más de 1 hora.,2.0,253698327527,,completed,https://www.eventbrite.com/e/crea-tu-propio-feed-de-instagram-con-html-y-css-tickets-253698327527,4,2022-01-22 18:42:31+00:00,2022-02-11 13:22:43.766632+00:00,PERSISTED,True,False,USD,,,,,,2a82403f-8c1e-485c-9421-6d1cac298244
